date,day_morning,open_panna_morning,jodi_morning,close_panna_morning,open_digit_morning,close_digit_morning,day_day,open_panna_day,jodi_day,close_panna_day,open_digit_day,close_digit_day,day,open_panna,jodi_night,close_panna,open_digit,close_digit
2024-01-01,Mon,369.0,86.0,790.0,8.0,6.0,Mon,460.0,9.0,126.0,0.0,9.0,Mon,259.0,65.0,357.0,6.0,5.0
2024-01-02,Tue,448.0,60.0,479.0,6.0,0.0,Tue,268.0,60.0,578.0,6.0,0.0,Tue,116.0,85.0,366.0,8.0,5.0
2024-01-03,Wed,380.0,13.0,120.0,1.0,3.0,Wed,360.0,96.0,790.0,9.0,6.0,Wed,459.0,82.0,138.0,8.0,2.0
2024-01-04,Thu,250.0,78.0,468.0,7.0,8.0,Thu,135.0,90.0,127.0,9.0,0.0,Thu,237.0,25.0,168.0,2.0,5.0
2024-01-05,Fri,478.0,97.0,890.0,9.0,7.0,Fri,780.0,54.0,356.0,5.0,4.0,Fri,680.0,40.0,226.0,4.0,0.0
2024-01-06,Sat,450.0,92.0,660.0,9.0,2.0,Sat,158.0,47.0,188.0,4.0,7.0,Sat,127.0,70.0,467.0,0.0,7.0
2024-01-07,Sun,255.0,28.0,440.0,2.0,8.0,Sun,379.0,96.0,367.0,9.0,6.0,Sun,139.0,30.0,190.0,3.0,0.0
2024-01-08,Mon,480.0,20.0,334.0,2.0,0.0,Mon,580.0,38.0,260.0,3.0,8.0,Mon,140.0,59.0,577.0,5.0,9.0
2024-01-09,Tue,338.0,47.0,700.0,4.0,7.0,Tue,290.0,10.0,136.0,1.0,0.0,Tue,390.0,22.0,679.0,2.0,2.0
2024-01-10,Wed,490.0,37.0,359.0,3.0,7.0,Wed,160.0,75.0,348.0,7.0,5.0,Wed,159.0,50.0,136.0,5.0,0.0
2024-01-11,Thu,229.0,30.0,578.0,3.0,0.0,Thu,239.0,48.0,369.0,4.0,8.0,Thu,270.0,92.0,589.0,9.0,2.0
2024-01-12,Fri,145.0,8.0,125.0,0.0,8.0,Fri,679.0,24.0,770.0,2.0,4.0,Fri,368.0,72.0,570.0,7.0,2.0
2024-01-13,Sat,589.0,20.0,190.0,2.0,0.0,Sat,235.0,40.0,266.0,0.0,4.0,Sat,560.0,19.0,117.0,1.0,9.0
2024-01-14,Sun,300.0,37.0,449.0,3.0,7.0,Sun,116.0,85.0,799.0,8.0,5.0,Sun,148.0,33.0,580.0,3.0,3.0
2024-01-15,Mon,580.0,39.0,270.0,3.0,9.0,Mon,125.0,84.0,590.0,8.0,4.0,Mon,479.0,9.0,360.0,0.0,9.0
2024-01-16,Tue,124.0,72.0,138.0,7.0,2.0,Tue,289.0,97.0,359.0,9.0,7.0,Tue,268.0,66.0,178.0,6.0,6.0
2024-01-17,Wed,225.0,93.0,599.0,9.0,3.0,Wed,150.0,63.0,238.0,6.0,3.0,Wed,380.0,16.0,457.0,1.0,6.0
2024-01-18,Thu,146.0,15.0,889.0,1.0,5.0,Thu,789.0,41.0,470.0,4.0,1.0,Thu,779.0,39.0,568.0,3.0,9.0
2024-01-19,Fri,278.0,77.0,160.0,7.0,7.0,Fri,260.0,81.0,344.0,8.0,1.0,Fri,134.0,81.0,579.0,8.0,1.0
2024-01-20,Sat,230.0,54.0,356.0,5.0,4.0,Sat,469.0,92.0,156.0,9.0,2.0,Sat,479.0,80.0,350.0,0.0,8.0
2024-01-21,Sun,129.0,23.0,689.0,2.0,3.0,Sun,360.0,97.0,278.0,9.0,7.0,Sun,569.0,6.0,790.0,0.0,6.0
2024-01-22,Mon,469.0,90.0,127.0,9.0,0.0,Mon,489.0,13.0,337.0,1.0,3.0,Mon,289.0,98.0,125.0,9.0,8.0
2024-01-23,Tue,690.0,58.0,189.0,5.0,8.0,Tue,148.0,38.0,350.0,3.0,8.0,Tue,480.0,20.0,334.0,2.0,0.0
2024-01-24,Wed,349.0,61.0,470.0,6.0,1.0,Wed,457.0,60.0,145.0,6.0,0.0,Wed,260.0,82.0,138.0,8.0,2.0
2024-01-25,Thu,180.0,96.0,268.0,9.0,6.0,Thu,478.0,94.0,248.0,9.0,4.0,Thu,590.0,42.0,345.0,4.0,2.0
2024-01-27,Sat,245.0,18.0,170.0,1.0,8.0,Sat,246.0,20.0,668.0,2.0,0.0,Sat,670.0,33.0,157.0,3.0,3.0
2024-01-28,Sun,347.0,47.0,467.0,4.0,7.0,Sun,177.0,54.0,400.0,5.0,4.0,Sun,679.0,25.0,249.0,2.0,5.0
2024-01-29,Mon,679.0,26.0,277.0,2.0,6.0,Mon,126.0,99.0,450.0,9.0,9.0,Mon,690.0,55.0,168.0,5.0,5.0
2024-01-30,Tue,150.0,68.0,558.0,6.0,8.0,Tue,230.0,50.0,389.0,5.0,0.0,Tue,568.0,93.0,346.0,9.0,3.0
2024-01-31,Wed,127.0,40.0,590.0,0.0,4.0,Wed,468.0,81.0,579.0,8.0,1.0,Wed,140.0,59.0,469.0,5.0,9.0
2024-02-01,Thu,246.0,29.0,126.0,2.0,9.0,Thu,345.0,29.0,270.0,2.0,9.0,Thu,280.0,3.0,148.0,0.0,3.0
2024-02-02,Fri,450.0,98.0,279.0,9.0,8.0,Fri,190.0,1.0,245.0,0.0,1.0,Fri,270.0,99.0,180.0,9.0,9.0
2024-02-03,Sat,799.0,55.0,168.0,5.0,5.0,Sat,359.0,78.0,468.0,7.0,8.0,Sat,338.0,49.0,135.0,4.0,9.0
2024-02-04,Sun,344.0,10.0,190.0,1.0,0.0,Sun,160.0,72.0,679.0,7.0,2.0,Sun,460.0,8.0,279.0,0.0,8.0
2024-02-05,Mon,670.0,33.0,148.0,3.0,3.0,Mon,899.0,62.0,138.0,6.0,2.0,Mon,490.0,30.0,244.0,3.0,0.0
2024-02-06,Tue,144.0,90.0,578.0,9.0,0.0,Tue,570.0,23.0,238.0,2.0,3.0,Tue,270.0,94.0,266.0,9.0,4.0
2024-02-07,Wed,470.0,18.0,558.0,1.0,8.0,Wed,136.0,80.0,350.0,0.0,8.0,Wed,149.0,42.0,138.0,4.0,2.0
2024-02-08,Thu,113.0,55.0,690.0,5.0,5.0,Thu,115.0,75.0,348.0,7.0,5.0,Thu,570.0,26.0,790.0,2.0,6.0
2024-02-09,Fri,778.0,21.0,227.0,2.0,1.0,Fri,233.0,81.0,236.0,8.0,1.0,Fri,235.0,4.0,112.0,0.0,4.0
2024-02-10,Sat,377.0,74.0,455.0,7.0,4.0,Sat,690.0,56.0,457.0,5.0,6.0,Sat,260.0,82.0,778.0,8.0,2.0
2024-02-11,Sun,167.0,40.0,136.0,4.0,0.0,Sun,156.0,25.0,357.0,2.0,5.0,Sun,780.0,54.0,257.0,5.0,4.0
2024-02-12,Mon,250.0,76.0,600.0,7.0,6.0,Mon,340.0,70.0,127.0,7.0,0.0,Mon,189.0,86.0,259.0,8.0,6.0
2024-02-13,Tue,178.0,62.0,679.0,6.0,2.0,Tue,490.0,38.0,378.0,3.0,8.0,Tue,336.0,21.0,155.0,2.0,1.0
2024-02-14,Wed,225.0,91.0,137.0,9.0,1.0,Wed,778.0,25.0,267.0,2.0,5.0,Wed,457.0,65.0,500.0,6.0,5.0
2024-02-15,Thu,789.0,42.0,200.0,4.0,2.0,Thu,189.0,84.0,455.0,8.0,4.0,Thu,279.0,88.0,468.0,8.0,8.0
2024-02-16,Fri,340.0,78.0,279.0,7.0,8.0,Fri,130.0,40.0,389.0,4.0,0.0,Fri,167.0,40.0,460.0,4.0,0.0
2024-02-17,Sat,678.0,19.0,388.0,1.0,9.0,Sat,890.0,78.0,567.0,7.0,8.0,Sat,349.0,66.0,790.0,6.0,6.0
2024-02-18,Sun,170.0,84.0,257.0,8.0,4.0,Sun,355.0,38.0,170.0,3.0,8.0,Sun,789.0,41.0,678.0,4.0,1.0
2024-02-19,Mon,147.0,22.0,570.0,2.0,2.0,Mon,267.0,50.0,136.0,5.0,0.0,Mon,460.0,8.0,233.0,0.0,8.0
2024-02-20,Tue,489.0,17.0,160.0,1.0,7.0,Tue,390.0,21.0,119.0,2.0,1.0,Tue,399.0,17.0,368.0,1.0,7.0
2024-02-21,Wed,256.0,31.0,678.0,3.0,1.0,Wed,270.0,95.0,348.0,9.0,5.0,Wed,566.0,78.0,134.0,7.0,8.0
2024-02-22,Thu,370.0,7.0,133.0,0.0,7.0,Thu,490.0,35.0,159.0,3.0,5.0,Thu,788.0,31.0,380.0,3.0,1.0
2024-02-23,Fri,330.0,68.0,459.0,6.0,8.0,Fri,260.0,87.0,566.0,8.0,7.0,Fri,140.0,57.0,359.0,5.0,7.0
2024-02-24,Sat,780.0,51.0,560.0,5.0,1.0,Sat,137.0,19.0,135.0,1.0,9.0,Sat,356.0,48.0,116.0,4.0,8.0
2024-02-25,Sun,389.0,6.0,457.0,0.0,6.0,Sun,224.0,86.0,367.0,8.0,6.0,Sun,339.0,52.0,156.0,5.0,2.0
2024-02-26,Mon,235.0,6.0,790.0,0.0,6.0,Mon,445.0,30.0,389.0,3.0,0.0,Mon,679.0,23.0,157.0,2.0,3.0
2024-02-27,Tue,368.0,79.0,469.0,7.0,9.0,Tue,350.0,86.0,790.0,8.0,6.0,Tue,258.0,59.0,450.0,5.0,9.0
2024-02-28,Wed,249.0,55.0,690.0,5.0,5.0,Wed,146.0,14.0,699.0,1.0,4.0,Wed,579.0,14.0,112.0,1.0,4.0
2024-02-29,Thu,120.0,35.0,456.0,3.0,5.0,Thu,670.0,37.0,449.0,3.0,7.0,Thu,460.0,2.0,345.0,0.0,2.0
2024-03-01,Fri,137.0,17.0,124.0,1.0,7.0,Fri,138.0,20.0,569.0,2.0,0.0,Fri,130.0,43.0,238.0,4.0,3.0
2024-03-02,Sat,680.0,44.0,347.0,4.0,4.0,Sat,280.0,90.0,126.0,0.0,9.0,Sat,120.0,32.0,499.0,3.0,2.0
2024-03-03,Sun,166.0,33.0,238.0,3.0,3.0,Sun,560.0,10.0,569.0,1.0,0.0,Sun,478.0,99.0,135.0,9.0,9.0
2024-03-04,Mon,378.0,88.0,134.0,8.0,8.0,Mon,225.0,98.0,567.0,9.0,8.0,Mon,337.0,31.0,146.0,3.0,1.0
2024-03-05,Tue,670.0,35.0,267.0,3.0,5.0,Tue,480.0,21.0,146.0,2.0,1.0,Tue,389.0,10.0,579.0,0.0,1.0
2024-03-06,Wed,335.0,12.0,688.0,1.0,2.0,Wed,126.0,95.0,258.0,9.0,5.0,Wed,125.0,88.0,468.0,8.0,8.0
2024-03-07,Thu,388.0,92.0,156.0,9.0,2.0,Thu,189.0,82.0,570.0,8.0,2.0,Thu,138.0,25.0,357.0,2.0,5.0
2024-03-08,Fri,148.0,31.0,236.0,3.0,1.0,Fri,359.0,79.0,180.0,7.0,9.0,Fri,259.0,64.0,680.0,6.0,4.0
2024-03-09,Sat,227.0,13.0,490.0,1.0,3.0,Sat,240.0,62.0,200.0,6.0,2.0,Sat,149.0,44.0,347.0,4.0,4.0
2024-03-10,Sun,289.0,94.0,680.0,9.0,4.0,Sun,120.0,39.0,469.0,3.0,9.0,Sun,670.0,32.0,246.0,3.0,2.0
2024-03-11,Mon,255.0,28.0,189.0,2.0,8.0,Mon,189.0,84.0,257.0,8.0,4.0,Mon,150.0,69.0,568.0,6.0,9.0
2024-03-12,Tue,678.0,10.0,244.0,1.0,0.0,Tue,670.0,39.0,450.0,3.0,9.0,Tue,278.0,74.0,789.0,7.0,4.0
2024-03-13,Wed,468.0,85.0,780.0,8.0,5.0,Wed,228.0,27.0,269.0,2.0,7.0,Wed,234.0,91.0,128.0,9.0,1.0
2024-03-14,Thu,230.0,52.0,246.0,5.0,2.0,Thu,770.0,43.0,139.0,4.0,3.0,Thu,156.0,29.0,577.0,2.0,9.0
2024-03-15,Fri,388.0,94.0,590.0,9.0,4.0,Fri,237.0,20.0,460.0,2.0,0.0,Fri,268.0,61.0,380.0,6.0,1.0
2024-03-16,Sat,668.0,10.0,236.0,0.0,1.0,Sat,249.0,55.0,168.0,5.0,5.0,Sat,360.0,93.0,490.0,9.0,3.0
2024-03-17,Sun,188.0,70.0,389.0,7.0,0.0,Sun,479.0,1.0,290.0,0.0,1.0,Sun,123.0,60.0,145.0,6.0,0.0
2024-03-18,Mon,368.0,75.0,140.0,7.0,5.0,Mon,230.0,51.0,335.0,5.0,1.0,Mon,129.0,27.0,115.0,2.0,7.0
2024-03-19,Tue,457.0,69.0,270.0,6.0,9.0,Tue,127.0,40.0,338.0,0.0,4.0,Tue,277.0,66.0,349.0,6.0,6.0
2024-03-20,Wed,136.0,20.0,480.0,0.0,2.0,Wed,170.0,87.0,449.0,8.0,7.0,Wed,360.0,98.0,233.0,9.0,8.0
2024-03-21,Thu,290.0,13.0,148.0,1.0,3.0,Thu,460.0,8.0,134.0,0.0,8.0,Thu,567.0,81.0,155.0,8.0,1.0
2024-03-22,Fri,457.0,69.0,360.0,6.0,9.0,Fri,339.0,52.0,246.0,5.0,2.0,Fri,146.0,11.0,227.0,1.0,1.0
2024-03-23,Sat,490.0,39.0,559.0,3.0,9.0,Sat,335.0,17.0,700.0,1.0,7.0,Sat,488.0,0.0,127.0,0.0,0.0
2024-03-24,Sun,146.0,12.0,499.0,1.0,2.0,Sun,110.0,28.0,477.0,2.0,8.0,Sun,680.0,48.0,459.0,4.0,8.0
2024-03-26,Tue,388.0,91.0,290.0,9.0,1.0,Tue,100.0,15.0,690.0,1.0,5.0,Tue,158.0,41.0,470.0,4.0,1.0
2024-03-27,Wed,689.0,33.0,238.0,3.0,3.0,Wed,156.0,21.0,579.0,2.0,1.0,Wed,340.0,76.0,150.0,7.0,6.0
2024-03-28,Thu,489.0,12.0,129.0,1.0,2.0,Thu,257.0,44.0,356.0,4.0,4.0,Thu,139.0,32.0,237.0,3.0,2.0
2024-03-29,Fri,566.0,77.0,458.0,7.0,7.0,Fri,136.0,2.0,147.0,0.0,2.0,Fri,280.0,4.0,130.0,0.0,4.0
2024-03-30,Sat,125.0,88.0,279.0,8.0,8.0,Sat,158.0,45.0,267.0,4.0,5.0,Sat,288.0,87.0,124.0,8.0,7.0
2024-03-31,Sun,467.0,70.0,488.0,7.0,0.0,Sun,279.0,86.0,169.0,8.0,6.0,Sun,560.0,12.0,679.0,1.0,2.0
2024-04-01,Mon,550.0,3.0,445.0,0.0,3.0,Mon,589.0,27.0,160.0,2.0,7.0,Mon,147.0,22.0,589.0,2.0,2.0
2024-04-02,Tue,180.0,98.0,369.0,9.0,8.0,Tue,269.0,75.0,249.0,7.0,5.0,Tue,290.0,14.0,257.0,1.0,4.0
2024-04-03,Wed,459.0,80.0,145.0,8.0,0.0,Wed,357.0,56.0,178.0,5.0,6.0,Wed,169.0,61.0,678.0,6.0,1.0
2024-04-04,Thu,258.0,56.0,600.0,5.0,6.0,Thu,900.0,93.0,689.0,9.0,3.0,Thu,140.0,55.0,159.0,5.0,5.0
2024-04-05,Fri,667.0,98.0,477.0,9.0,8.0,Fri,268.0,64.0,149.0,6.0,4.0,Fri,245.0,14.0,347.0,1.0,4.0
2024-04-06,Sat,240.0,65.0,690.0,6.0,5.0,Sat,489.0,15.0,258.0,1.0,5.0,Sat,167.0,47.0,269.0,4.0,7.0
2024-04-07,Sun,126.0,91.0,380.0,9.0,1.0,Sun,250.0,77.0,124.0,7.0,7.0,Sun,268.0,61.0,489.0,6.0,1.0
2024-04-08,Mon,449.0,75.0,168.0,7.0,5.0,Mon,239.0,49.0,478.0,4.0,9.0,Mon,149.0,40.0,370.0,4.0,0.0
2024-04-09,Tue,990.0,82.0,129.0,8.0,2.0,Tue,580.0,32.0,390.0,3.0,2.0,Tue,369.0,80.0,190.0,8.0,0.0
2024-04-10,Wed,188.0,79.0,667.0,7.0,9.0,Wed,899.0,65.0,249.0,6.0,5.0,Wed,450.0,98.0,260.0,9.0,8.0
2024-04-11,Thu,578.0,1.0,588.0,0.0,1.0,Thu,260.0,89.0,270.0,8.0,9.0,Thu,168.0,52.0,570.0,5.0,2.0
2024-04-12,Fri,122.0,59.0,900.0,5.0,9.0,Fri,990.0,87.0,566.0,8.0,7.0,Fri,459.0,89.0,234.0,8.0,9.0
2024-04-13,Sat,589.0,25.0,780.0,2.0,5.0,Sat,120.0,33.0,157.0,3.0,3.0,Sat,130.0,40.0,127.0,4.0,0.0
2024-04-14,Sun,227.0,15.0,249.0,1.0,5.0,Sun,224.0,89.0,577.0,8.0,9.0,Sun,450.0,92.0,246.0,9.0,2.0
2024-04-15,Mon,570.0,21.0,128.0,2.0,1.0,Mon,559.0,94.0,257.0,9.0,4.0,Mon,460.0,0.0,280.0,0.0,0.0
2024-04-16,Tue,348.0,55.0,357.0,5.0,5.0,Tue,259.0,65.0,113.0,6.0,5.0,Tue,359.0,77.0,467.0,7.0,7.0
2024-04-17,Wed,144.0,92.0,138.0,9.0,2.0,Wed,135.0,99.0,360.0,9.0,9.0,Wed,150.0,68.0,279.0,6.0,8.0
2024-04-18,Thu,122.0,59.0,379.0,5.0,9.0,Thu,780.0,57.0,179.0,5.0,7.0,Thu,226.0,6.0,466.0,0.0,6.0
2024-04-19,Fri,112.0,44.0,446.0,4.0,4.0,Fri,680.0,47.0,124.0,4.0,7.0,Fri,780.0,58.0,189.0,5.0,8.0
2024-04-20,Sat,460.0,90.0,388.0,0.0,9.0,Sat,170.0,89.0,379.0,8.0,9.0,Sat,267.0,57.0,223.0,5.0,7.0
2024-04-21,Sun,158.0,42.0,480.0,4.0,2.0,Sun,789.0,46.0,457.0,4.0,6.0,Sun,588.0,11.0,290.0,1.0,1.0
2024-04-22,Mon,226.0,1.0,137.0,0.0,1.0,Mon,188.0,74.0,455.0,7.0,4.0,Mon,233.0,88.0,125.0,8.0,8.0
2024-04-23,Tue,189.0,87.0,115.0,8.0,7.0,Tue,346.0,37.0,340.0,3.0,7.0,Tue,140.0,57.0,278.0,5.0,7.0
2024-04-24,Wed,679.0,20.0,569.0,2.0,0.0,Wed,480.0,28.0,116.0,2.0,8.0,Wed,117.0,94.0,257.0,9.0,4.0
2024-04-25,Thu,368.0,76.0,169.0,7.0,6.0,Thu,350.0,82.0,589.0,8.0,2.0,Thu,770.0,46.0,150.0,4.0,6.0
2024-04-26,Fri,255.0,21.0,290.0,2.0,1.0,Fri,679.0,20.0,460.0,2.0,0.0,Fri,360.0,91.0,579.0,9.0,1.0
2024-04-27,Sat,690.0,52.0,660.0,5.0,2.0,Sat,136.0,40.0,347.0,0.0,4.0,Sat,170.0,83.0,157.0,8.0,3.0
2024-04-28,Sun,468.0,87.0,340.0,8.0,7.0,Sun,670.0,33.0,139.0,3.0,3.0,Sun,334.0,8.0,477.0,0.0,8.0
2024-04-29,Mon,248.0,40.0,190.0,4.0,0.0,Mon,490.0,30.0,190.0,3.0,0.0,Mon,347.0,41.0,137.0,4.0,1.0
2024-04-30,Tue,688.0,28.0,350.0,2.0,8.0,Tue,149.0,47.0,269.0,4.0,7.0,Tue,379.0,96.0,277.0,9.0,6.0
2024-05-01,Wed,780.0,55.0,267.0,5.0,5.0,Wed,248.0,40.0,334.0,4.0,0.0,Wed,480.0,22.0,390.0,2.0,2.0
2024-05-02,Thu,238.0,38.0,350.0,3.0,8.0,Thu,466.0,61.0,290.0,6.0,1.0,Thu,158.0,43.0,229.0,4.0,3.0
2024-05-03,Fri,579.0,11.0,489.0,1.0,1.0,Fri,147.0,21.0,137.0,2.0,1.0,Fri,148.0,34.0,266.0,3.0,4.0
2024-05-04,Sat,357.0,52.0,570.0,5.0,2.0,Sat,560.0,17.0,133.0,1.0,7.0,Sat,599.0,39.0,126.0,3.0,9.0
2024-05-05,Sun,699.0,48.0,477.0,4.0,8.0,Sun,790.0,62.0,499.0,6.0,2.0,Sun,466.0,69.0,270.0,6.0,9.0
2024-05-06,Mon,277.0,66.0,358.0,6.0,6.0,Mon,899.0,61.0,560.0,6.0,1.0,Mon,378.0,84.0,248.0,8.0,4.0
2024-05-07,Tue,135.0,91.0,227.0,9.0,1.0,Tue,390.0,28.0,459.0,2.0,8.0,Tue,200.0,29.0,469.0,2.0,9.0
2024-05-08,Wed,678.0,15.0,348.0,1.0,5.0,Wed,235.0,50.0,159.0,0.0,5.0,Wed,128.0,15.0,168.0,1.0,5.0
2024-05-09,Thu,256.0,30.0,578.0,3.0,0.0,Thu,489.0,15.0,122.0,1.0,5.0,Thu,799.0,54.0,356.0,5.0,4.0
2024-05-10,Fri,125.0,88.0,369.0,8.0,8.0,Fri,690.0,59.0,478.0,5.0,9.0,Fri,560.0,10.0,235.0,1.0,0.0
2024-05-11,Sat,990.0,84.0,338.0,8.0,4.0,Sat,458.0,79.0,388.0,7.0,9.0,Sat,340.0,70.0,190.0,7.0,0.0
2024-05-12,Sun,556.0,60.0,118.0,6.0,0.0,Sun,290.0,13.0,445.0,1.0,3.0,Sun,138.0,22.0,129.0,2.0,2.0
2024-05-13,Mon,248.0,40.0,389.0,4.0,0.0,Mon,170.0,88.0,369.0,8.0,8.0,Mon,240.0,61.0,146.0,6.0,1.0
2024-05-14,Tue,458.0,74.0,590.0,7.0,4.0,Tue,240.0,67.0,160.0,6.0,7.0,Tue,790.0,68.0,800.0,6.0,8.0
2024-05-15,Wed,170.0,88.0,369.0,8.0,8.0,Wed,167.0,48.0,350.0,4.0,8.0,Wed,245.0,18.0,134.0,1.0,8.0
2024-05-16,Thu,156.0,24.0,347.0,2.0,4.0,Thu,125.0,81.0,245.0,8.0,1.0,Thu,360.0,95.0,258.0,9.0,5.0
2024-05-17,Fri,560.0,18.0,224.0,1.0,8.0,Fri,490.0,36.0,367.0,3.0,6.0,Fri,229.0,36.0,169.0,3.0,6.0
2024-05-18,Sat,257.0,49.0,289.0,4.0,9.0,Sat,244.0,30.0,337.0,0.0,3.0,Sat,279.0,86.0,358.0,8.0,6.0
2024-05-19,Sun,580.0,36.0,259.0,3.0,6.0,Sun,134.0,86.0,259.0,8.0,6.0,Sun,445.0,39.0,180.0,3.0,9.0
2024-05-20,Mon,578.0,0.0,370.0,0.0,0.0,Mon,459.0,88.0,189.0,8.0,8.0,Mon,389.0,9.0,478.0,0.0,9.0
2024-05-21,Tue,239.0,41.0,470.0,4.0,1.0,Tue,370.0,40.0,248.0,0.0,4.0,Tue,277.0,65.0,690.0,6.0,5.0
2024-05-22,Wed,148.0,30.0,235.0,3.0,0.0,Wed,160.0,79.0,568.0,7.0,9.0,Wed,459.0,84.0,248.0,8.0,4.0
2024-05-23,Thu,790.0,62.0,147.0,6.0,2.0,Thu,267.0,54.0,130.0,5.0,4.0,Thu,344.0,11.0,128.0,1.0,1.0
2024-05-24,Fri,140.0,51.0,380.0,5.0,1.0,Fri,128.0,19.0,379.0,1.0,9.0,Fri,490.0,30.0,370.0,3.0,0.0
2024-05-25,Sat,258.0,52.0,345.0,5.0,2.0,Sat,247.0,39.0,360.0,3.0,9.0,Sat,457.0,65.0,339.0,6.0,5.0
2024-05-26,Sun,679.0,23.0,490.0,2.0,3.0,Sun,138.0,26.0,150.0,2.0,6.0,Sun,390.0,23.0,670.0,2.0,3.0
2024-05-27,Mon,279.0,82.0,138.0,8.0,2.0,Mon,137.0,19.0,360.0,1.0,9.0,Mon,246.0,22.0,679.0,2.0,2.0
2024-05-28,Tue,458.0,76.0,466.0,7.0,6.0,Tue,480.0,27.0,124.0,2.0,7.0,Tue,288.0,89.0,144.0,8.0,9.0
2024-05-29,Wed,557.0,71.0,119.0,7.0,1.0,Wed,334.0,30.0,256.0,0.0,3.0,Wed,480.0,23.0,779.0,2.0,3.0
2024-05-30,Thu,599.0,30.0,190.0,3.0,0.0,Thu,170.0,88.0,378.0,8.0,8.0,Thu,358.0,62.0,589.0,6.0,2.0
2024-05-31,Fri,577.0,98.0,378.0,9.0,8.0,Fri,580.0,30.0,460.0,3.0,0.0,Fri,138.0,20.0,460.0,2.0,0.0
2024-06-01,Sat,260.0,89.0,478.0,8.0,9.0,Sat,235.0,80.0,134.0,0.0,8.0,Sat,126.0,99.0,289.0,9.0,9.0
2024-06-02,Sun,600.0,67.0,269.0,6.0,7.0,Sun,237.0,25.0,168.0,2.0,5.0,Sun,350.0,80.0,136.0,8.0,0.0
2024-06-03,Mon,899.0,60.0,578.0,6.0,0.0,Mon,120.0,31.0,470.0,3.0,1.0,Mon,380.0,14.0,130.0,1.0,4.0
2024-06-04,Tue,567.0,89.0,270.0,8.0,9.0,Tue,378.0,89.0,126.0,8.0,9.0,Tue,240.0,60.0,569.0,6.0,0.0
2024-06-05,Wed,178.0,65.0,357.0,6.0,5.0,Wed,780.0,51.0,560.0,5.0,1.0,Wed,468.0,81.0,470.0,8.0,1.0
2024-06-06,Thu,126.0,97.0,467.0,9.0,7.0,Thu,368.0,75.0,799.0,7.0,5.0,Thu,145.0,7.0,458.0,0.0,7.0
2024-06-07,Fri,345.0,20.0,389.0,2.0,0.0,Fri,440.0,83.0,490.0,8.0,3.0,Fri,599.0,38.0,125.0,3.0,8.0
2024-06-08,Sat,179.0,79.0,469.0,7.0,9.0,Sat,146.0,10.0,280.0,1.0,0.0,Sat,337.0,35.0,780.0,3.0,5.0
2024-06-09,Sun,689.0,35.0,456.0,3.0,5.0,Sun,338.0,48.0,468.0,4.0,8.0,Sun,478.0,97.0,449.0,9.0,7.0
2024-06-10,Mon,238.0,34.0,167.0,3.0,4.0,Mon,299.0,0.0,127.0,0.0,0.0,Mon,459.0,86.0,277.0,8.0,6.0
2024-06-11,Tue,468.0,80.0,136.0,8.0,0.0,Tue,150.0,69.0,478.0,6.0,9.0,Tue,550.0,40.0,257.0,0.0,4.0
2024-06-12,Wed,236.0,11.0,579.0,1.0,1.0,Wed,348.0,53.0,247.0,5.0,3.0,Wed,120.0,37.0,700.0,3.0,7.0
2024-06-13,Thu,157.0,30.0,334.0,3.0,0.0,Thu,138.0,21.0,335.0,2.0,1.0,Thu,378.0,85.0,122.0,8.0,5.0
2024-06-14,Fri,140.0,50.0,389.0,5.0,0.0,Fri,130.0,49.0,289.0,4.0,9.0,Fri,140.0,54.0,590.0,5.0,4.0
2024-06-15,Sat,280.0,50.0,168.0,0.0,5.0,Sat,340.0,79.0,135.0,7.0,9.0,Sat,227.0,14.0,356.0,1.0,4.0
2024-06-16,Sun,490.0,31.0,245.0,3.0,1.0,Sun,480.0,22.0,147.0,2.0,2.0,Sun,450.0,90.0,668.0,9.0,0.0
2024-06-17,Mon,370.0,5.0,780.0,0.0,5.0,Mon,110.0,29.0,450.0,2.0,9.0,Mon,466.0,67.0,377.0,6.0,7.0
2024-06-18,Tue,330.0,69.0,117.0,6.0,9.0,Tue,244.0,20.0,138.0,0.0,2.0,Tue,470.0,10.0,136.0,1.0,0.0
2024-06-19,Wed,139.0,34.0,590.0,3.0,4.0,Wed,566.0,79.0,270.0,7.0,9.0,Wed,178.0,67.0,449.0,6.0,7.0
2024-06-20,Thu,260.0,82.0,778.0,8.0,2.0,Thu,137.0,12.0,129.0,1.0,2.0,Thu,188.0,70.0,550.0,7.0,0.0
2024-06-21,Fri,117.0,93.0,599.0,9.0,3.0,Fri,299.0,4.0,338.0,0.0,4.0,Fri,778.0,24.0,680.0,2.0,4.0
2024-06-22,Sat,458.0,77.0,340.0,7.0,7.0,Sat,467.0,71.0,669.0,7.0,1.0,Sat,990.0,82.0,156.0,8.0,2.0
2024-06-23,Sun,380.0,11.0,128.0,1.0,1.0,Sun,379.0,90.0,226.0,9.0,0.0,Sun,350.0,84.0,130.0,8.0,4.0
2024-06-24,Mon,112.0,49.0,478.0,4.0,9.0,Mon,259.0,64.0,455.0,6.0,4.0,Mon,370.0,9.0,900.0,0.0,9.0
2024-06-25,Tue,560.0,14.0,130.0,1.0,4.0,Tue,377.0,70.0,299.0,7.0,0.0,Tue,568.0,95.0,140.0,9.0,5.0
2024-06-26,Wed,256.0,33.0,346.0,3.0,3.0,Wed,169.0,65.0,168.0,6.0,5.0,Wed,689.0,33.0,238.0,3.0,3.0
2024-06-27,Thu,124.0,79.0,180.0,7.0,9.0,Thu,267.0,52.0,345.0,5.0,2.0,Thu,135.0,99.0,289.0,9.0,9.0
2024-06-28,Fri,270.0,95.0,447.0,9.0,5.0,Fri,357.0,57.0,458.0,5.0,7.0,Fri,118.0,7.0,133.0,0.0,7.0
2024-06-29,Sat,135.0,95.0,230.0,9.0,5.0,Sat,245.0,15.0,889.0,1.0,5.0,Sat,557.0,70.0,145.0,7.0,0.0
2024-06-30,Sun,557.0,74.0,347.0,7.0,4.0,Sun,199.0,97.0,359.0,9.0,7.0,Sun,227.0,18.0,369.0,1.0,8.0
2024-07-01,Mon,156.0,20.0,479.0,2.0,0.0,Mon,237.0,22.0,679.0,2.0,2.0,Mon,780.0,50.0,389.0,5.0,0.0
2024-07-02,Tue,144.0,96.0,790.0,9.0,6.0,Tue,256.0,32.0,390.0,3.0,2.0,Tue,160.0,75.0,889.0,7.0,5.0
2024-07-03,Wed,579.0,14.0,347.0,1.0,4.0,Wed,159.0,53.0,670.0,5.0,3.0,Wed,339.0,54.0,400.0,5.0,4.0
2024-07-04,Thu,699.0,40.0,578.0,4.0,0.0,Thu,389.0,0.0,136.0,0.0,0.0,Thu,126.0,93.0,256.0,9.0,3.0
2024-07-05,Fri,346.0,33.0,157.0,3.0,3.0,Fri,128.0,10.0,569.0,1.0,0.0,Fri,390.0,23.0,157.0,2.0,3.0
2024-07-06,Sat,489.0,14.0,130.0,1.0,4.0,Sat,234.0,94.0,248.0,9.0,4.0,Sat,270.0,95.0,780.0,9.0,5.0
2024-07-07,Sun,460.0,4.0,239.0,0.0,4.0,Sun,370.0,4.0,130.0,0.0,4.0,Sun,139.0,35.0,690.0,3.0,5.0
2024-07-08,Mon,380.0,18.0,477.0,1.0,8.0,Mon,479.0,4.0,158.0,0.0,4.0,Mon,380.0,17.0,458.0,1.0,7.0
2024-07-09,Tue,147.0,23.0,120.0,2.0,3.0,Tue,236.0,13.0,247.0,1.0,3.0,Tue,357.0,57.0,340.0,5.0,7.0
2024-07-10,Wed,578.0,80.0,189.0,0.0,8.0,Wed,279.0,85.0,690.0,8.0,5.0,Wed,560.0,13.0,355.0,1.0,3.0
2024-07-11,Thu,279.0,86.0,457.0,8.0,6.0,Thu,149.0,45.0,140.0,4.0,5.0,Thu,479.0,7.0,124.0,0.0,7.0
2024-07-12,Fri,168.0,58.0,288.0,5.0,8.0,Fri,466.0,60.0,334.0,6.0,0.0,Fri,269.0,74.0,149.0,7.0,4.0
2024-07-13,Sat,550.0,60.0,150.0,0.0,6.0,Sat,239.0,42.0,336.0,4.0,2.0,Sat,350.0,82.0,480.0,8.0,2.0
2024-07-14,Sun,236.0,18.0,459.0,1.0,8.0,Sun,157.0,34.0,789.0,3.0,4.0,Sun,128.0,11.0,245.0,1.0,1.0
2024-07-15,Mon,699.0,40.0,226.0,4.0,0.0,Mon,179.0,77.0,566.0,7.0,7.0,Mon,270.0,93.0,300.0,9.0,3.0
2024-07-16,Tue,478.0,92.0,679.0,9.0,2.0,Tue,450.0,99.0,478.0,9.0,9.0,Tue,490.0,35.0,348.0,3.0,5.0
2024-07-17,Wed,136.0,60.0,240.0,0.0,6.0,Wed,300.0,31.0,227.0,3.0,1.0,Wed,259.0,61.0,489.0,6.0,1.0
2024-07-18,Thu,388.0,95.0,799.0,9.0,5.0,Thu,345.0,24.0,220.0,2.0,4.0,Thu,266.0,45.0,339.0,4.0,5.0
2024-07-19,Fri,445.0,33.0,247.0,3.0,3.0,Fri,459.0,83.0,120.0,8.0,3.0,Fri,356.0,42.0,660.0,4.0,2.0
2024-07-20,Sat,589.0,26.0,880.0,2.0,6.0,Sat,366.0,53.0,580.0,5.0,3.0,Sat,144.0,92.0,570.0,9.0,2.0
2024-07-21,Sun,377.0,71.0,678.0,7.0,1.0,Sun,577.0,90.0,145.0,9.0,0.0,Sun,490.0,33.0,256.0,3.0,3.0
2024-07-22,Mon,158.0,45.0,889.0,4.0,5.0,Mon,680.0,46.0,790.0,4.0,6.0,Mon,236.0,11.0,155.0,1.0,1.0
2024-07-23,Tue,466.0,67.0,160.0,6.0,7.0,Tue,358.0,69.0,667.0,6.0,9.0,Tue,190.0,50.0,249.0,0.0,5.0
2024-07-24,Wed,156.0,29.0,270.0,2.0,9.0,Wed,500.0,52.0,480.0,5.0,2.0,Wed,177.0,58.0,558.0,5.0,8.0
2024-07-25,Thu,367.0,66.0,790.0,6.0,6.0,Thu,145.0,9.0,270.0,0.0,9.0,Thu,370.0,1.0,669.0,0.0,1.0
2024-07-26,Fri,458.0,70.0,127.0,7.0,0.0,Fri,678.0,10.0,235.0,1.0,0.0,Fri,170.0,81.0,128.0,8.0,1.0
2024-07-27,Sat,117.0,95.0,258.0,9.0,5.0,Sat,780.0,52.0,147.0,5.0,2.0,Sat,358.0,66.0,240.0,6.0,6.0
2024-07-28,Sun,688.0,25.0,780.0,2.0,5.0,Sun,560.0,16.0,259.0,1.0,6.0,Sun,159.0,58.0,350.0,5.0,8.0
2024-07-29,Mon,566.0,75.0,168.0,7.0,5.0,Mon,138.0,26.0,240.0,2.0,6.0,Mon,167.0,41.0,137.0,4.0,1.0
2024-07-30,Tue,128.0,11.0,489.0,1.0,1.0,Tue,123.0,68.0,125.0,6.0,8.0,Tue,567.0,88.0,378.0,8.0,8.0
2024-07-31,Wed,469.0,90.0,370.0,9.0,0.0,Wed,245.0,17.0,359.0,1.0,7.0,Wed,234.0,92.0,129.0,9.0,2.0
2024-08-01,Thu,344.0,15.0,780.0,1.0,5.0,Thu,178.0,67.0,278.0,6.0,7.0,Thu,290.0,12.0,345.0,1.0,2.0
2024-08-02,Fri,466.0,67.0,458.0,6.0,7.0,Fri,350.0,86.0,259.0,8.0,6.0,Fri,589.0,24.0,167.0,2.0,4.0
2024-08-03,Sat,127.0,0.0,460.0,0.0,0.0,Sat,670.0,38.0,134.0,3.0,8.0,Sat,480.0,21.0,489.0,2.0,1.0
2024-08-04,Sun,225.0,98.0,350.0,9.0,8.0,Sun,468.0,81.0,245.0,8.0,1.0,Sun,790.0,60.0,136.0,6.0,0.0
2024-08-05,Mon,450.0,92.0,147.0,9.0,2.0,Mon,578.0,8.0,990.0,0.0,8.0,Mon,358.0,62.0,345.0,6.0,2.0
2024-08-06,Tue,236.0,13.0,788.0,1.0,3.0,Tue,159.0,50.0,479.0,5.0,0.0,Tue,244.0,10.0,128.0,0.0,1.0
2024-08-07,Wed,499.0,21.0,119.0,2.0,1.0,Wed,124.0,70.0,370.0,7.0,0.0,Wed,336.0,20.0,460.0,2.0,0.0
2024-08-08,Thu,445.0,37.0,278.0,3.0,7.0,Thu,347.0,40.0,127.0,4.0,0.0,Thu,880.0,65.0,780.0,6.0,5.0
2024-08-09,Fri,126.0,96.0,358.0,9.0,6.0,Fri,279.0,84.0,158.0,8.0,4.0,Fri,679.0,28.0,134.0,2.0,8.0
2024-08-10,Sat,680.0,48.0,558.0,4.0,8.0,Sat,457.0,61.0,344.0,6.0,1.0,Sat,125.0,80.0,280.0,8.0,0.0
2024-08-11,Sun,348.0,51.0,245.0,5.0,1.0,Sun,568.0,92.0,129.0,9.0,2.0,Sun,360.0,98.0,468.0,9.0,8.0
2024-08-12,Mon,260.0,88.0,459.0,8.0,8.0,Mon,246.0,22.0,660.0,2.0,2.0,Mon,690.0,58.0,279.0,5.0,8.0
2024-08-13,Tue,256.0,33.0,580.0,3.0,3.0,Tue,490.0,36.0,899.0,3.0,6.0,Tue,470.0,14.0,590.0,1.0,4.0
2024-08-14,Wed,112.0,40.0,668.0,4.0,0.0,Wed,359.0,76.0,178.0,7.0,6.0,Wed,149.0,48.0,224.0,4.0,8.0
2024-08-16,Fri,460.0,2.0,147.0,0.0,2.0,Fri,380.0,11.0,470.0,1.0,1.0,Fri,360.0,92.0,138.0,9.0,2.0
2024-08-17,Sat,334.0,90.0,126.0,0.0,9.0,Sat,246.0,26.0,367.0,2.0,6.0,Sat,148.0,39.0,577.0,3.0,9.0
2024-08-18,Sun,250.0,77.0,359.0,7.0,7.0,Sun,458.0,71.0,470.0,7.0,1.0,Sun,679.0,21.0,100.0,2.0,1.0
2024-08-19,Mon,440.0,82.0,138.0,8.0,2.0,Mon,459.0,85.0,140.0,8.0,5.0,Mon,160.0,72.0,679.0,7.0,2.0
2024-08-20,Tue,277.0,66.0,457.0,6.0,6.0,Tue,570.0,26.0,448.0,2.0,6.0,Tue,255.0,29.0,126.0,2.0,9.0
2024-08-21,Wed,567.0,87.0,359.0,8.0,7.0,Wed,126.0,95.0,230.0,9.0,5.0,Wed,440.0,88.0,279.0,8.0,8.0
2024-08-22,Thu,670.0,39.0,180.0,3.0,9.0,Thu,300.0,37.0,566.0,3.0,7.0,Thu,260.0,86.0,150.0,8.0,6.0
2024-08-23,Fri,138.0,26.0,367.0,2.0,6.0,Fri,249.0,58.0,134.0,5.0,8.0,Fri,479.0,9.0,135.0,0.0,9.0
2024-08-24,Sat,270.0,96.0,899.0,9.0,6.0,Sat,690.0,50.0,479.0,5.0,0.0,Sat,678.0,15.0,889.0,1.0,5.0
2024-08-25,Sun,556.0,69.0,225.0,6.0,9.0,Sun,135.0,92.0,390.0,9.0,2.0,Sun,780.0,56.0,457.0,5.0,6.0
2024-08-26,Mon,566.0,75.0,799.0,7.0,5.0,Mon,269.0,75.0,780.0,7.0,5.0,Mon,699.0,49.0,270.0,4.0,9.0
2024-08-27,Tue,249.0,58.0,260.0,5.0,8.0,Tue,169.0,62.0,345.0,6.0,2.0,Tue,560.0,14.0,239.0,1.0,4.0
2024-08-28,Wed,127.0,90.0,559.0,0.0,9.0,Wed,590.0,42.0,688.0,4.0,2.0,Wed,146.0,15.0,690.0,1.0,5.0
2024-08-29,Thu,590.0,46.0,358.0,4.0,6.0,Thu,245.0,19.0,289.0,1.0,9.0,Thu,379.0,93.0,490.0,9.0,3.0
2024-08-30,Fri,678.0,10.0,389.0,1.0,0.0,Fri,680.0,48.0,800.0,4.0,8.0,Fri,148.0,33.0,157.0,3.0,3.0
2024-08-31,Sat,128.0,19.0,667.0,1.0,9.0,Sat,569.0,20.0,778.0,0.0,2.0,Sat,457.0,63.0,670.0,6.0,3.0
2024-09-01,Sun,226.0,0.0,569.0,0.0,0.0,Sun,880.0,68.0,116.0,6.0,8.0,Sun,124.0,77.0,368.0,7.0,7.0
2024-09-02,Mon,244.0,1.0,128.0,0.0,1.0,Mon,450.0,99.0,379.0,9.0,9.0,Mon,156.0,29.0,388.0,2.0,9.0
2024-09-03,Tue,699.0,44.0,356.0,4.0,4.0,Tue,246.0,27.0,160.0,2.0,7.0,Tue,790.0,66.0,349.0,6.0,6.0
2024-09-04,Wed,139.0,30.0,136.0,3.0,0.0,Wed,340.0,79.0,234.0,7.0,9.0,Wed,250.0,73.0,670.0,7.0,3.0
2024-09-05,Thu,449.0,76.0,556.0,7.0,6.0,Thu,690.0,55.0,168.0,5.0,5.0,Thu,179.0,71.0,335.0,7.0,1.0
2024-09-06,Fri,134.0,87.0,340.0,8.0,7.0,Fri,589.0,29.0,270.0,2.0,9.0,Fri,118.0,0.0,389.0,0.0,0.0
2024-09-07,Sat,466.0,65.0,122.0,6.0,5.0,Sat,158.0,48.0,459.0,4.0,8.0,Sat,249.0,50.0,190.0,5.0,0.0
2024-09-08,Sun,700.0,76.0,169.0,7.0,6.0,Sun,157.0,39.0,559.0,3.0,9.0,Sun,125.0,87.0,278.0,8.0,7.0
2024-09-09,Mon,588.0,10.0,389.0,1.0,0.0,Mon,136.0,7.0,250.0,0.0,7.0,Mon,225.0,95.0,230.0,9.0,5.0
2024-09-10,Tue,478.0,91.0,344.0,9.0,1.0,Tue,288.0,80.0,145.0,8.0,0.0,Tue,344.0,15.0,122.0,1.0,5.0
2024-09-11,Wed,225.0,99.0,180.0,9.0,9.0,Wed,356.0,47.0,458.0,4.0,7.0,Wed,347.0,40.0,578.0,4.0,0.0
2024-09-12,Thu,138.0,26.0,330.0,2.0,6.0,Thu,223.0,78.0,125.0,7.0,8.0,Thu,199.0,90.0,280.0,9.0,0.0
2024-09-13,Fri,269.0,74.0,167.0,7.0,4.0,Fri,469.0,96.0,114.0,9.0,6.0,Fri,680.0,46.0,899.0,4.0,6.0
2024-09-14,Sat,680.0,49.0,450.0,4.0,9.0,Sat,566.0,76.0,268.0,7.0,6.0,Sat,390.0,29.0,126.0,2.0,9.0
2024-09-15,Sun,157.0,38.0,125.0,3.0,8.0,Sun,178.0,68.0,369.0,6.0,8.0,Sun,479.0,4.0,167.0,0.0,4.0
2024-09-16,Mon,580.0,33.0,139.0,3.0,3.0,Mon,679.0,22.0,147.0,2.0,2.0,Mon,170.0,80.0,569.0,8.0,0.0
2024-09-17,Tue,369.0,83.0,148.0,8.0,3.0,Tue,559.0,98.0,378.0,9.0,8.0,Tue,449.0,79.0,450.0,7.0,9.0
2024-09-18,Wed,479.0,60.0,259.0,0.0,6.0,Wed,170.0,89.0,234.0,8.0,9.0,Wed,127.0,2.0,237.0,0.0,2.0
2024-09-19,Thu,244.0,3.0,346.0,0.0,3.0,Thu,258.0,58.0,459.0,5.0,8.0,Thu,570.0,26.0,169.0,2.0,6.0
2024-09-20,Fri,177.0,50.0,145.0,5.0,0.0,Fri,550.0,1.0,470.0,0.0,1.0,Fri,790.0,69.0,234.0,6.0,9.0
2024-09-21,Sat,270.0,98.0,990.0,9.0,8.0,Sat,388.0,90.0,136.0,9.0,0.0,Sat,228.0,27.0,340.0,2.0,7.0
2024-09-22,Sun,467.0,76.0,114.0,7.0,6.0,Sun,780.0,51.0,489.0,5.0,1.0,Sun,180.0,95.0,168.0,9.0,5.0
2024-09-23,Mon,790.0,69.0,199.0,6.0,9.0,Mon,240.0,61.0,290.0,6.0,1.0,Mon,770.0,43.0,490.0,4.0,3.0
2024-09-24,Tue,278.0,79.0,135.0,7.0,9.0,Tue,678.0,15.0,249.0,1.0,5.0,Tue,378.0,87.0,124.0,8.0,7.0
2024-09-25,Wed,589.0,22.0,390.0,2.0,2.0,Wed,340.0,75.0,456.0,7.0,5.0,Wed,440.0,83.0,779.0,8.0,3.0
2024-09-26,Thu,340.0,73.0,689.0,7.0,3.0,Thu,147.0,29.0,225.0,2.0,9.0,Thu,229.0,33.0,238.0,3.0,3.0
2024-09-27,Fri,247.0,36.0,150.0,3.0,6.0,Fri,229.0,31.0,100.0,3.0,1.0,Fri,890.0,78.0,134.0,7.0,8.0
2024-09-28,Sat,157.0,34.0,347.0,3.0,4.0,Sat,350.0,82.0,570.0,8.0,2.0,Sat,146.0,11.0,470.0,1.0,1.0
2024-09-29,Sun,678.0,14.0,239.0,1.0,4.0,Sun,337.0,39.0,469.0,3.0,9.0,Sun,366.0,57.0,223.0,5.0,7.0
2024-09-30,Mon,378.0,84.0,257.0,8.0,4.0,Mon,379.0,92.0,138.0,9.0,2.0,Mon,677.0,1.0,146.0,0.0,1.0
2024-10-01,Tue,469.0,90.0,389.0,9.0,0.0,Tue,780.0,52.0,688.0,5.0,2.0,Tue,370.0,60.0,790.0,0.0,6.0
2024-10-02,Wed,188.0,74.0,590.0,7.0,4.0,Wed,199.0,94.0,347.0,9.0,4.0,Wed,667.0,95.0,159.0,9.0,5.0
2024-10-03,Thu,127.0,9.0,379.0,0.0,9.0,Thu,257.0,47.0,278.0,4.0,7.0,Thu,156.0,22.0,778.0,2.0,2.0
2024-10-04,Fri,569.0,4.0,158.0,0.0,4.0,Fri,124.0,72.0,390.0,7.0,2.0,Fri,590.0,48.0,350.0,4.0,8.0
2024-10-05,Sat,480.0,22.0,246.0,2.0,2.0,Sat,479.0,0.0,370.0,0.0,0.0,Sat,115.0,71.0,290.0,7.0,1.0
2024-10-06,Sun,390.0,20.0,280.0,2.0,0.0,Sun,557.0,78.0,440.0,7.0,8.0,Sun,345.0,22.0,147.0,2.0,2.0
2024-10-07,Mon,266.0,40.0,190.0,4.0,0.0,Mon,567.0,84.0,149.0,8.0,4.0,Mon,459.0,88.0,260.0,8.0,8.0
2024-10-08,Tue,477.0,88.0,279.0,8.0,8.0,Tue,238.0,36.0,790.0,3.0,6.0,Tue,780.0,58.0,134.0,5.0,8.0
2024-10-09,Wed,125.0,89.0,144.0,8.0,9.0,Wed,679.0,26.0,169.0,2.0,6.0,Wed,168.0,56.0,367.0,5.0,6.0
2024-10-10,Thu,360.0,92.0,589.0,9.0,2.0,Thu,245.0,13.0,247.0,1.0,3.0,Thu,244.0,8.0,189.0,0.0,8.0
2024-10-11,Fri,890.0,79.0,577.0,7.0,9.0,Fri,168.0,50.0,280.0,5.0,0.0,Fri,379.0,99.0,568.0,9.0,9.0
2024-10-12,Sat,148.0,32.0,660.0,3.0,2.0,Sat,349.0,64.0,248.0,6.0,4.0,Sat,880.0,65.0,500.0,6.0,5.0
2024-10-13,Sun,180.0,92.0,444.0,9.0,2.0,Sun,560.0,13.0,120.0,1.0,3.0,Sun,100.0,18.0,440.0,1.0,8.0
2024-10-14,Mon,678.0,19.0,559.0,1.0,9.0,Mon,290.0,14.0,239.0,1.0,4.0,Mon,255.0,26.0,123.0,2.0,6.0
2024-10-15,Tue,770.0,40.0,145.0,4.0,0.0,Tue,460.0,0.0,127.0,0.0,0.0,Tue,599.0,35.0,690.0,3.0,5.0
2024-10-16,Wed,250.0,73.0,229.0,7.0,3.0,Wed,346.0,32.0,156.0,3.0,2.0,Wed,679.0,20.0,136.0,2.0,0.0
2024-10-17,Thu,379.0,95.0,140.0,9.0,5.0,Thu,788.0,37.0,449.0,3.0,7.0,Thu,468.0,86.0,150.0,8.0,6.0
2024-10-18,Fri,189.0,82.0,688.0,8.0,2.0,Fri,179.0,78.0,567.0,7.0,8.0,Fri,125.0,80.0,479.0,8.0,0.0
2024-10-19,Sat,790.0,60.0,127.0,6.0,0.0,Sat,440.0,80.0,136.0,8.0,0.0,Sat,556.0,60.0,145.0,6.0,0.0
2024-10-20,Sun,460.0,8.0,189.0,0.0,8.0,Sun,338.0,40.0,190.0,4.0,0.0,Sun,330.0,65.0,249.0,6.0,5.0
2024-10-21,Mon,156.0,26.0,367.0,2.0,6.0,Mon,478.0,99.0,135.0,9.0,9.0,Mon,348.0,56.0,150.0,5.0,6.0
2024-10-22,Tue,468.0,85.0,230.0,8.0,5.0,Tue,123.0,60.0,677.0,6.0,0.0,Tue,667.0,97.0,188.0,9.0,7.0
2024-10-23,Wed,578.0,10.0,470.0,0.0,1.0,Wed,279.0,86.0,457.0,8.0,6.0,Wed,450.0,99.0,270.0,9.0,9.0
2024-10-24,Thu,129.0,25.0,159.0,2.0,5.0,Thu,126.0,94.0,770.0,9.0,4.0,Thu,139.0,37.0,566.0,3.0,7.0
2024-10-25,Fri,356.0,40.0,190.0,4.0,0.0,Fri,334.0,4.0,257.0,0.0,4.0,Fri,458.0,77.0,368.0,7.0,7.0
2024-10-26,Sat,560.0,10.0,479.0,1.0,0.0,Sat,157.0,33.0,148.0,3.0,3.0,Sat,260.0,85.0,159.0,8.0,5.0
2024-10-27,Sun,137.0,17.0,278.0,1.0,7.0,Sun,378.0,82.0,679.0,8.0,2.0,Sun,355.0,37.0,124.0,3.0,7.0
2024-10-28,Mon,348.0,51.0,155.0,5.0,1.0,Mon,355.0,32.0,200.0,3.0,2.0,Mon,469.0,94.0,590.0,9.0,4.0
2024-10-29,Tue,566.0,78.0,260.0,7.0,8.0,Tue,227.0,14.0,347.0,1.0,4.0,Tue,468.0,85.0,249.0,8.0,5.0
2024-10-30,Wed,188.0,73.0,120.0,7.0,3.0,Wed,126.0,93.0,229.0,9.0,3.0,Wed,129.0,26.0,349.0,2.0,6.0
2024-10-31,Thu,380.0,13.0,779.0,1.0,3.0,Thu,455.0,40.0,578.0,4.0,0.0,Thu,356.0,49.0,568.0,4.0,9.0
2024-11-01,Fri,170.0,84.0,680.0,8.0,4.0,Fri,169.0,68.0,477.0,6.0,8.0,Fri,200.0,29.0,126.0,2.0,9.0
2024-11-02,Sat,355.0,34.0,158.0,3.0,4.0,Sat,290.0,10.0,668.0,1.0,0.0,Sat,367.0,61.0,489.0,6.0,1.0
2024-11-03,Sun,400.0,48.0,224.0,4.0,8.0,Sun,569.0,1.0,128.0,0.0,1.0,Sun,566.0,76.0,790.0,7.0,6.0
2024-11-04,Mon,190.0,8.0,558.0,0.0,8.0,Mon,167.0,49.0,478.0,4.0,9.0,Mon,146.0,19.0,360.0,1.0,9.0
2024-11-05,Tue,780.0,50.0,127.0,5.0,0.0,Tue,589.0,29.0,360.0,2.0,9.0,Tue,670.0,33.0,238.0,3.0,3.0
2024-11-06,Wed,679.0,22.0,345.0,2.0,2.0,Wed,670.0,38.0,189.0,3.0,8.0,Wed,199.0,92.0,570.0,9.0,2.0
2024-11-07,Thu,790.0,65.0,267.0,6.0,5.0,Thu,124.0,72.0,570.0,7.0,2.0,Thu,478.0,95.0,357.0,9.0,5.0
2024-11-08,Fri,346.0,32.0,589.0,3.0,2.0,Fri,289.0,96.0,448.0,9.0,6.0,Fri,889.0,57.0,700.0,5.0,7.0
2024-11-09,Sat,489.0,10.0,668.0,1.0,0.0,Sat,134.0,80.0,226.0,8.0,0.0,Sat,250.0,71.0,128.0,7.0,1.0
2024-11-10,Sun,288.0,83.0,346.0,8.0,3.0,Sun,377.0,75.0,348.0,7.0,5.0,Sun,400.0,46.0,277.0,4.0,6.0
2024-11-11,Mon,246.0,23.0,229.0,2.0,3.0,Mon,235.0,0.0,190.0,0.0,0.0,Mon,499.0,21.0,489.0,2.0,1.0
2024-11-12,Tue,349.0,68.0,116.0,6.0,8.0,Tue,370.0,40.0,257.0,0.0,4.0,Tue,236.0,11.0,380.0,1.0,1.0
2024-11-13,Wed,588.0,17.0,269.0,1.0,7.0,Wed,150.0,67.0,368.0,6.0,7.0,Wed,440.0,85.0,249.0,8.0,5.0
2024-11-14,Thu,690.0,52.0,345.0,5.0,2.0,Thu,245.0,18.0,567.0,1.0,8.0,Thu,149.0,47.0,566.0,4.0,7.0
2024-11-15,Fri,457.0,61.0,560.0,6.0,1.0,Fri,340.0,74.0,338.0,7.0,4.0,Fri,490.0,39.0,117.0,3.0,9.0
2024-11-16,Sat,159.0,58.0,440.0,5.0,8.0,Sat,146.0,12.0,156.0,1.0,2.0,Sat,356.0,43.0,247.0,4.0,3.0
2024-11-17,Sun,137.0,15.0,249.0,1.0,5.0,Sun,680.0,42.0,129.0,4.0,2.0,Sun,119.0,15.0,168.0,1.0,5.0
2024-11-18,Mon,134.0,87.0,557.0,8.0,7.0,Mon,350.0,84.0,789.0,8.0,4.0,Mon,348.0,59.0,234.0,5.0,9.0
2024-11-19,Tue,227.0,14.0,239.0,1.0,4.0,Tue,150.0,64.0,112.0,6.0,4.0,Tue,689.0,36.0,169.0,3.0,6.0
2024-11-20,Wed,247.0,30.0,488.0,3.0,0.0,Wed,250.0,71.0,588.0,7.0,1.0,Wed,135.0,91.0,245.0,9.0,1.0
2024-11-21,Thu,568.0,99.0,180.0,9.0,9.0,Thu,479.0,2.0,255.0,0.0,2.0,Thu,279.0,87.0,368.0,8.0,7.0
2024-11-22,Fri,560.0,19.0,379.0,1.0,9.0,Fri,169.0,69.0,135.0,6.0,9.0,Fri,168.0,55.0,230.0,5.0,5.0
2024-11-23,Sat,238.0,33.0,670.0,3.0,3.0,Sat,389.0,90.0,568.0,0.0,9.0,Sat,379.0,98.0,378.0,9.0,8.0
2024-11-24,Sun,188.0,79.0,126.0,7.0,9.0,Sun,260.0,80.0,127.0,8.0,0.0,Sun,269.0,70.0,244.0,7.0,0.0
2024-11-25,Mon,260.0,85.0,690.0,8.0,5.0,Mon,236.0,17.0,278.0,1.0,7.0,Mon,259.0,66.0,114.0,6.0,6.0
2024-11-26,Tue,358.0,61.0,146.0,6.0,1.0,Tue,137.0,11.0,678.0,1.0,1.0,Tue,340.0,78.0,440.0,7.0,8.0
2024-11-27,Wed,445.0,31.0,669.0,3.0,1.0,Wed,680.0,47.0,160.0,4.0,7.0,Wed,450.0,99.0,289.0,9.0,9.0
2024-11-28,Thu,177.0,57.0,160.0,5.0,7.0,Thu,230.0,55.0,267.0,5.0,5.0,Thu,220.0,43.0,337.0,4.0,3.0
2024-11-29,Fri,266.0,47.0,458.0,4.0,7.0,Fri,356.0,45.0,889.0,4.0,5.0,Fri,137.0,18.0,990.0,1.0,8.0
2024-11-30,Sat,140.0,55.0,348.0,5.0,5.0,Sat,123.0,62.0,390.0,6.0,2.0,Sat,130.0,41.0,236.0,4.0,1.0
2024-12-01,Sun,228.0,25.0,799.0,2.0,5.0,Sun,270.0,95.0,348.0,9.0,5.0,Sun,388.0,98.0,567.0,9.0,8.0
2024-12-02,Mon,138.0,27.0,359.0,2.0,7.0,Mon,140.0,53.0,580.0,5.0,3.0,Mon,460.0,8.0,134.0,0.0,8.0
2024-12-03,Tue,770.0,45.0,230.0,4.0,5.0,Tue,389.0,20.0,499.0,0.0,2.0,Tue,290.0,15.0,889.0,1.0,5.0
2024-12-04,Wed,135.0,97.0,340.0,9.0,7.0,Wed,146.0,18.0,134.0,1.0,8.0,Wed,150.0,65.0,168.0,6.0,5.0
2024-12-05,Thu,239.0,44.0,167.0,4.0,4.0,Thu,469.0,98.0,170.0,9.0,8.0,Thu,370.0,3.0,445.0,0.0,3.0
2024-12-06,Fri,166.0,30.0,226.0,3.0,0.0,Fri,560.0,10.0,280.0,1.0,0.0,Fri,260.0,85.0,348.0,8.0,5.0
2024-12-07,Sat,559.0,93.0,157.0,9.0,3.0,Sat,167.0,48.0,459.0,4.0,8.0,Sat,466.0,60.0,127.0,6.0,0.0
2024-12-08,Sun,228.0,20.0,460.0,2.0,0.0,Sun,590.0,43.0,157.0,4.0,3.0,Sun,135.0,91.0,470.0,9.0,1.0
2024-12-09,Mon,399.0,17.0,223.0,1.0,7.0,Mon,259.0,61.0,128.0,6.0,1.0,Mon,238.0,30.0,145.0,3.0,0.0
2024-12-10,Tue,150.0,66.0,457.0,6.0,6.0,Tue,158.0,40.0,578.0,4.0,0.0,Tue,568.0,97.0,133.0,9.0,7.0
2024-12-11,Wed,667.0,90.0,569.0,9.0,0.0,Wed,156.0,28.0,369.0,2.0,8.0,Wed,469.0,92.0,228.0,9.0,2.0
2024-12-12,Thu,116.0,87.0,890.0,8.0,7.0,Thu,500.0,56.0,169.0,5.0,6.0,Thu,189.0,81.0,678.0,8.0,1.0
2024-12-13,Fri,145.0,8.0,477.0,0.0,8.0,Fri,489.0,17.0,124.0,1.0,7.0,Fri,147.0,20.0,460.0,2.0,0.0
2024-12-14,Sat,880.0,67.0,458.0,6.0,7.0,Sat,148.0,37.0,890.0,3.0,7.0,Sat,268.0,67.0,115.0,6.0,7.0
2024-12-15,Sun,270.0,99.0,126.0,9.0,9.0,Sun,367.0,61.0,470.0,6.0,1.0,Sun,480.0,23.0,346.0,2.0,3.0
2024-12-16,Mon,477.0,81.0,290.0,8.0,1.0,Mon,567.0,87.0,124.0,8.0,7.0,Mon,790.0,69.0,478.0,6.0,9.0
2024-12-17,Tue,256.0,39.0,135.0,3.0,9.0,Tue,245.0,10.0,370.0,1.0,0.0,Tue,246.0,25.0,500.0,2.0,5.0
2024-12-18,Wed,146.0,14.0,789.0,1.0,4.0,Wed,112.0,45.0,168.0,4.0,5.0,Wed,118.0,9.0,234.0,0.0,9.0
2024-12-19,Thu,369.0,88.0,233.0,8.0,8.0,Thu,234.0,98.0,459.0,9.0,8.0,Thu,890.0,70.0,389.0,7.0,0.0
2024-12-20,Fri,158.0,49.0,270.0,4.0,9.0,Fri,355.0,30.0,145.0,3.0,0.0,Fri,239.0,45.0,113.0,4.0,5.0
2024-12-21,Sat,389.0,70.0,557.0,0.0,7.0,Sat,579.0,14.0,356.0,1.0,4.0,Sat,568.0,95.0,357.0,9.0,5.0
2024-12-22,Sun,568.0,96.0,259.0,9.0,6.0,Sun,680.0,43.0,148.0,4.0,3.0,Sun,580.0,30.0,244.0,3.0,0.0
2024-12-23,Mon,389.0,0.0,235.0,0.0,0.0,Mon,229.0,35.0,456.0,3.0,5.0,Mon,167.0,43.0,689.0,4.0,3.0
2024-12-24,Tue,237.0,20.0,136.0,2.0,0.0,Tue,135.0,97.0,700.0,9.0,7.0,Tue,499.0,27.0,250.0,2.0,7.0
2024-12-25,Wed,470.0,17.0,359.0,1.0,7.0,Wed,249.0,57.0,188.0,5.0,7.0,Wed,178.0,66.0,457.0,6.0,6.0
2024-12-26,Thu,379.0,97.0,160.0,9.0,7.0,Thu,380.0,19.0,388.0,1.0,9.0,Thu,770.0,49.0,360.0,4.0,9.0
2024-12-27,Fri,578.0,8.0,125.0,0.0,8.0,Fri,248.0,40.0,136.0,4.0,0.0,Fri,577.0,96.0,899.0,9.0,6.0
2024-12-28,Sat,120.0,31.0,380.0,3.0,1.0,Sat,469.0,92.0,228.0,9.0,2.0,Sat,669.0,11.0,290.0,1.0,1.0
2024-12-29,Sun,599.0,37.0,278.0,3.0,7.0,Sun,670.0,37.0,160.0,3.0,7.0,Sun,330.0,68.0,260.0,6.0,8.0
2024-12-30,Mon,220.0,46.0,899.0,4.0,6.0,Mon,688.0,20.0,190.0,2.0,0.0,Mon,336.0,28.0,134.0,2.0,8.0
2024-12-31,Tue,448.0,62.0,336.0,6.0,2.0,Tue,136.0,30.0,256.0,0.0,3.0,Tue,180.0,93.0,238.0,9.0,3.0
2025-01-01,Wed,135.0,92.0,147.0,9.0,2.0,Wed,179.0,75.0,122.0,7.0,5.0,Wed,455.0,43.0,580.0,4.0,3.0
2025-01-02,Thu,366.0,50.0,235.0,5.0,0.0,Thu,247.0,35.0,690.0,3.0,5.0,Thu,188.0,79.0,379.0,7.0,9.0
2025-01-03,Fri,338.0,40.0,578.0,4.0,0.0,Fri,579.0,12.0,778.0,1.0,2.0,Fri,477.0,83.0,247.0,8.0,3.0
2025-01-04,Sat,144.0,99.0,270.0,9.0,9.0,Sat,277.0,65.0,366.0,6.0,5.0,Sat,134.0,89.0,360.0,8.0,9.0
2025-01-05,Sun,660.0,24.0,167.0,2.0,4.0,Sun,289.0,99.0,135.0,9.0,9.0,Sun,156.0,24.0,158.0,2.0,4.0
2025-01-06,Mon,370.0,5.0,177.0,0.0,5.0,Mon,238.0,39.0,117.0,3.0,9.0,Mon,557.0,74.0,248.0,7.0,4.0
2025-01-07,Tue,368.0,75.0,168.0,7.0,5.0,Tue,124.0,79.0,379.0,7.0,9.0,Tue,139.0,37.0,124.0,3.0,7.0
2025-01-08,Wed,269.0,74.0,446.0,7.0,4.0,Wed,290.0,12.0,237.0,1.0,2.0,Wed,289.0,95.0,500.0,9.0,5.0
2025-01-09,Thu,267.0,53.0,355.0,5.0,3.0,Thu,127.0,6.0,178.0,0.0,6.0,Thu,660.0,23.0,256.0,2.0,3.0
2025-01-10,Fri,899.0,66.0,259.0,6.0,6.0,Fri,246.0,25.0,447.0,2.0,5.0,Fri,129.0,25.0,177.0,2.0,5.0
2025-01-11,Sat,348.0,50.0,127.0,5.0,0.0,Sat,358.0,68.0,125.0,6.0,8.0,Sat,699.0,47.0,368.0,4.0,7.0
2025-01-12,Sun,138.0,26.0,466.0,2.0,6.0,Sun,148.0,30.0,569.0,3.0,0.0,Sun,249.0,59.0,559.0,5.0,9.0
2025-01-13,Mon,589.0,21.0,128.0,2.0,1.0,Mon,570.0,26.0,123.0,2.0,6.0,Mon,190.0,4.0,590.0,0.0,4.0
2025-01-14,Tue,678.0,10.0,460.0,1.0,0.0,Tue,360.0,98.0,279.0,9.0,8.0,Tue,389.0,50.0,258.0,0.0,5.0
2025-01-15,Wed,568.0,99.0,234.0,9.0,9.0,Wed,350.0,86.0,457.0,8.0,6.0,Wed,790.0,64.0,167.0,6.0,4.0
2025-01-16,Thu,346.0,34.0,149.0,3.0,4.0,Thu,158.0,46.0,123.0,4.0,6.0,Thu,138.0,28.0,350.0,2.0,8.0
2025-01-17,Fri,490.0,31.0,245.0,3.0,1.0,Fri,667.0,99.0,450.0,9.0,9.0,Fri,457.0,61.0,245.0,6.0,1.0
2025-01-18,Sat,389.0,0.0,578.0,0.0,0.0,Sat,670.0,38.0,378.0,3.0,8.0,Sat,146.0,13.0,157.0,1.0,3.0
2025-01-19,Sun,239.0,43.0,788.0,4.0,3.0,Sun,127.0,9.0,360.0,0.0,9.0,Sun,189.0,83.0,599.0,8.0,3.0
2025-01-20,Mon,225.0,99.0,469.0,9.0,9.0,Mon,340.0,77.0,160.0,7.0,7.0,Mon,269.0,73.0,238.0,7.0,3.0
2025-01-21,Tue,590.0,43.0,157.0,4.0,3.0,Tue,788.0,30.0,370.0,3.0,0.0,Tue,110.0,28.0,558.0,2.0,8.0
2025-01-22,Wed,356.0,41.0,560.0,4.0,1.0,Wed,257.0,45.0,159.0,4.0,5.0,Wed,800.0,86.0,150.0,8.0,6.0
2025-01-23,Thu,669.0,12.0,156.0,1.0,2.0,Thu,118.0,9.0,289.0,0.0,9.0,Thu,799.0,59.0,270.0,5.0,9.0
2025-01-24,Fri,188.0,70.0,460.0,7.0,0.0,Fri,237.0,26.0,880.0,2.0,6.0,Fri,127.0,1.0,119.0,0.0,1.0
2025-01-25,Sat,580.0,37.0,278.0,3.0,7.0,Sat,129.0,22.0,345.0,2.0,2.0,Sat,690.0,51.0,399.0,5.0,1.0
2025-01-27,Mon,148.0,31.0,399.0,3.0,1.0,Mon,245.0,10.0,479.0,1.0,0.0,Mon,579.0,15.0,357.0,1.0,5.0
2025-01-28,Tue,115.0,70.0,569.0,7.0,0.0,Tue,599.0,32.0,138.0,3.0,2.0,Tue,145.0,10.0,128.0,0.0,1.0
2025-01-29,Wed,390.0,22.0,246.0,2.0,2.0,Wed,188.0,78.0,369.0,7.0,8.0,Wed,599.0,34.0,888.0,3.0,4.0
2025-01-30,Thu,780.0,59.0,126.0,5.0,9.0,Thu,134.0,85.0,447.0,8.0,5.0,Thu,350.0,83.0,689.0,8.0,3.0
2025-01-31,Fri,178.0,69.0,568.0,6.0,9.0,Fri,235.0,5.0,140.0,0.0,5.0,Fri,568.0,90.0,226.0,9.0,0.0
2025-02-01,Sat,133.0,78.0,459.0,7.0,8.0,Sat,166.0,35.0,258.0,3.0,5.0,Sat,140.0,54.0,167.0,5.0,4.0
2025-02-02,Sun,578.0,1.0,380.0,0.0,1.0,Sun,660.0,26.0,169.0,2.0,6.0,Sun,368.0,73.0,580.0,7.0,3.0
2025-02-03,Mon,470.0,13.0,689.0,1.0,3.0,Mon,780.0,50.0,145.0,5.0,0.0,Mon,149.0,44.0,356.0,4.0,4.0
2025-02-04,Tue,114.0,64.0,239.0,6.0,4.0,Tue,167.0,48.0,189.0,4.0,8.0,Tue,250.0,71.0,100.0,7.0,1.0
2025-02-05,Wed,226.0,10.0,236.0,0.0,1.0,Wed,270.0,92.0,237.0,9.0,2.0,Wed,159.0,50.0,578.0,5.0,0.0
2025-02-06,Thu,440.0,88.0,369.0,8.0,8.0,Thu,356.0,41.0,146.0,4.0,1.0,Thu,236.0,17.0,160.0,1.0,7.0
2025-02-07,Fri,134.0,86.0,790.0,8.0,6.0,Fri,458.0,78.0,279.0,7.0,8.0,Fri,700.0,74.0,158.0,7.0,4.0
2025-02-08,Sat,390.0,22.0,129.0,2.0,2.0,Sat,689.0,31.0,380.0,3.0,1.0,Sat,288.0,85.0,230.0,8.0,5.0
2025-02-09,Sun,256.0,30.0,677.0,3.0,0.0,Sun,288.0,81.0,128.0,8.0,1.0,Sun,125.0,84.0,699.0,8.0,4.0
2025-02-10,Mon,477.0,83.0,670.0,8.0,3.0,Mon,448.0,69.0,667.0,6.0,9.0,Mon,780.0,51.0,489.0,5.0,1.0
2025-02-11,Tue,279.0,85.0,140.0,8.0,5.0,Tue,378.0,86.0,123.0,8.0,6.0,Tue,468.0,84.0,347.0,8.0,4.0
2025-02-12,Wed,168.0,52.0,589.0,5.0,2.0,Wed,233.0,80.0,118.0,8.0,0.0,Wed,126.0,92.0,246.0,9.0,2.0
2025-02-13,Thu,160.0,78.0,288.0,7.0,8.0,Thu,135.0,99.0,478.0,9.0,9.0,Thu,569.0,2.0,345.0,0.0,2.0
2025-02-14,Fri,389.0,2.0,480.0,0.0,2.0,Fri,578.0,6.0,240.0,0.0,6.0,Fri,257.0,42.0,679.0,4.0,2.0
2025-02-15,Sat,458.0,77.0,340.0,7.0,7.0,Sat,179.0,77.0,467.0,7.0,7.0,Sat,335.0,10.0,190.0,1.0,0.0
2025-02-16,Sun,450.0,99.0,270.0,9.0,9.0,Sun,340.0,70.0,488.0,7.0,0.0,Sun,557.0,73.0,779.0,7.0,3.0
2025-02-17,Mon,790.0,68.0,459.0,6.0,8.0,Mon,255.0,29.0,289.0,2.0,9.0,Mon,990.0,89.0,379.0,8.0,9.0
2025-02-18,Tue,680.0,45.0,140.0,4.0,5.0,Tue,890.0,70.0,127.0,7.0,0.0,Tue,570.0,20.0,235.0,2.0,0.0
2025-02-19,Wed,499.0,20.0,668.0,2.0,0.0,Wed,346.0,36.0,457.0,3.0,6.0,Wed,250.0,76.0,367.0,7.0,6.0
2025-02-20,Thu,390.0,24.0,356.0,2.0,4.0,Thu,167.0,47.0,359.0,4.0,7.0,Thu,167.0,40.0,145.0,4.0,0.0
2025-02-21,Fri,136.0,1.0,560.0,0.0,1.0,Fri,560.0,14.0,400.0,1.0,4.0,Fri,379.0,92.0,480.0,9.0,2.0
2025-02-22,Sat,236.0,15.0,168.0,1.0,5.0,Sat,148.0,31.0,119.0,3.0,1.0,Sat,478.0,96.0,123.0,9.0,6.0
2025-02-23,Sun,238.0,30.0,370.0,3.0,0.0,Sun,579.0,15.0,249.0,1.0,5.0,Sun,590.0,49.0,289.0,4.0,9.0
2025-02-24,Mon,238.0,36.0,169.0,3.0,6.0,Mon,470.0,10.0,578.0,1.0,0.0,Mon,139.0,39.0,568.0,3.0,9.0
2025-02-24,Mon,569.0,1.0,137.0,0.0,1.0,Mon,470.0,10.0,578.0,1.0,0.0,Mon,139.0,39.0,568.0,3.0,9.0
2025-02-25,Tue,0.0,0.0,0.0,0.0,0.0,Tue,350.0,84.0,400.0,8.0,4.0,Tue,389.0,90.0,450.0,0.0,9.0
2025-02-25,Tue,780.0,53.0,256.0,5.0,3.0,Tue,350.0,84.0,400.0,8.0,4.0,Tue,389.0,90.0,450.0,0.0,9.0
2025-02-26,Wed,200.0,26.0,349.0,2.0,6.0,Wed,245.0,19.0,126.0,1.0,9.0,Wed,668.0,1.0,146.0,0.0,1.0
2025-02-26,Wed,0.0,0.0,0.0,0.0,0.0,Wed,245.0,19.0,126.0,1.0,9.0,Wed,668.0,1.0,146.0,0.0,1.0
2025-02-27,Thu,128.0,10.0,145.0,1.0,0.0,Thu,680.0,48.0,389.0,4.0,0.0,Thu,579.0,11.0,137.0,1.0,1.0
2025-02-27,Thu,0.0,0.0,0.0,0.0,0.0,Thu,680.0,48.0,389.0,4.0,0.0,Thu,579.0,11.0,137.0,1.0,1.0
2025-02-28,Fri,0.0,0.0,0.0,0.0,0.0,Fri,158.0,44.0,356.0,4.0,4.0,Fri,147.0,23.0,346.0,2.0,3.0
2025-02-28,Fri,128.0,17.0,188.0,1.0,7.0,Fri,158.0,44.0,356.0,4.0,4.0,Fri,147.0,23.0,346.0,2.0,3.0
2025-03-01,Sat,0.0,0.0,0.0,0.0,0.0,Sat,290.0,17.0,700.0,1.0,7.0,Sat,256.0,36.0,169.0,3.0,6.0
2025-03-01,Sat,689.0,35.0,339.0,3.0,5.0,Sat,290.0,17.0,700.0,1.0,7.0,Sat,256.0,36.0,169.0,3.0,6.0
2025-03-02,Sun,0.0,0.0,0.0,0.0,0.0,Sun,559.0,91.0,470.0,9.0,1.0,Sun,345.0,25.0,799.0,2.0,5.0
2025-03-02,Sun,499.0,23.0,355.0,2.0,3.0,Sun,559.0,91.0,470.0,9.0,1.0,Sun,345.0,25.0,799.0,2.0,5.0
2025-03-03,Mon,330.0,67.0,566.0,6.0,7.0,Mon,135.0,90.0,226.0,9.0,0.0,Mon,667.0,94.0,149.0,9.0,4.0
2025-03-04,Tue,359.0,76.0,150.0,7.0,6.0,Tue,580.0,39.0,117.0,3.0,9.0,Tue,459.0,86.0,259.0,8.0,6.0
2025-03-05,Wed,117.0,98.0,189.0,9.0,8.0,Wed,560.0,13.0,157.0,1.0,3.0,Wed,257.0,44.0,158.0,4.0,4.0
2025-03-06,Thu,200.0,23.0,148.0,2.0,3.0,Thu,790.0,65.0,366.0,6.0,5.0,Thu,457.0,69.0,135.0,6.0,9.0
2025-03-07,Fri,388.0,99.0,469.0,9.0,9.0,Fri,669.0,18.0,224.0,1.0,8.0,Fri,236.0,13.0,779.0,1.0,3.0
2025-03-08,Sat,179.0,77.0,223.0,7.0,7.0,Sat,880.0,60.0,235.0,6.0,0.0,Sat,357.0,53.0,120.0,5.0,3.0
2025-03-09,Sun,340.0,76.0,899.0,7.0,6.0,Sun,144.0,93.0,337.0,9.0,3.0,Sun,270.0,96.0,358.0,9.0,6.0
2025-03-10,Mon,478.0,90.0,280.0,9.0,0.0,Mon,560.0,14.0,680.0,1.0,4.0,Mon,450.0,90.0,479.0,9.0,0.0
2025-03-11,Tue,170.0,88.0,224.0,8.0,8.0,Tue,367.0,60.0,145.0,6.0,0.0,Tue,145.0,80.0,116.0,0.0,8.0
2025-03-12,Wed,590.0,44.0,356.0,4.0,4.0,Wed,238.0,35.0,456.0,3.0,5.0,Wed,480.0,23.0,120.0,2.0,3.0
2025-03-13,Thu,358.0,64.0,400.0,6.0,4.0,Thu,125.0,80.0,389.0,8.0,0.0,Thu,137.0,16.0,899.0,1.0,6.0
2025-03-15,Sat,268.0,64.0,455.0,6.0,4.0,Sat,120.0,35.0,249.0,3.0,5.0,Sat,149.0,42.0,570.0,4.0,2.0
2025-03-16,Sun,366.0,58.0,558.0,5.0,8.0,Sun,124.0,73.0,490.0,7.0,3.0,Sun,268.0,69.0,469.0,6.0,9.0
2025-03-17,Mon,180.0,96.0,880.0,9.0,6.0,Mon,127.0,7.0,223.0,0.0,7.0,Mon,150.0,61.0,489.0,6.0,1.0
2025-03-18,Tue,339.0,51.0,128.0,5.0,1.0,Tue,466.0,68.0,459.0,6.0,8.0,Tue,247.0,30.0,127.0,3.0,0.0
2025-03-19,Wed,460.0,80.0,134.0,0.0,8.0,Wed,334.0,10.0,236.0,0.0,1.0,Wed,580.0,36.0,899.0,3.0,6.0
2025-03-20,Thu,668.0,6.0,790.0,0.0,6.0,Thu,467.0,76.0,169.0,7.0,6.0,Thu,389.0,7.0,250.0,0.0,7.0
2025-03-21,Fri,135.0,95.0,249.0,9.0,5.0,Fri,378.0,80.0,235.0,8.0,0.0,Fri,669.0,18.0,116.0,1.0,8.0
2025-03-22,Sat,227.0,11.0,399.0,1.0,1.0,Sat,257.0,43.0,256.0,4.0,3.0,Sat,170.0,87.0,124.0,8.0,7.0
2025-03-23,Sun,133.0,70.0,226.0,7.0,0.0,Sun,400.0,47.0,377.0,4.0,7.0,Sun,458.0,72.0,147.0,7.0,2.0
2025-03-24,Mon,700.0,79.0,270.0,7.0,9.0,Mon,245.0,17.0,890.0,1.0,7.0,Mon,470.0,18.0,288.0,1.0,8.0
2025-03-25,Tue,669.0,19.0,126.0,1.0,9.0,Tue,238.0,31.0,290.0,3.0,1.0,Tue,567.0,81.0,399.0,8.0,1.0
2025-03-26,Wed,138.0,22.0,237.0,2.0,2.0,Wed,266.0,47.0,700.0,4.0,7.0,Wed,345.0,24.0,239.0,2.0,4.0
2025-03-27,Thu,279.0,84.0,158.0,8.0,4.0,Thu,237.0,20.0,479.0,2.0,0.0,Thu,178.0,67.0,566.0,6.0,7.0
2025-03-28,Fri,345.0,27.0,160.0,2.0,7.0,Fri,478.0,91.0,588.0,9.0,1.0,Fri,670.0,31.0,137.0,3.0,1.0
2025-03-29,Sat,127.0,70.0,269.0,0.0,7.0,Sat,140.0,51.0,137.0,5.0,1.0,Sat,588.0,10.0,389.0,1.0,0.0
2025-03-30,Sun,245.0,18.0,800.0,1.0,8.0,Sun,360.0,90.0,280.0,9.0,0.0,Sun,479.0,6.0,277.0,0.0,6.0
2025-03-31,Mon,137.0,15.0,780.0,1.0,5.0,Mon,569.0,8.0,459.0,0.0,8.0,Mon,112.0,46.0,123.0,4.0,6.0
2025-04-01,Tue,258.0,55.0,357.0,5.0,5.0,Tue,899.0,64.0,149.0,6.0,4.0,Tue,355.0,38.0,224.0,3.0,8.0
2025-04-02,Wed,233.0,82.0,679.0,8.0,2.0,Wed,357.0,59.0,568.0,5.0,9.0,Wed,460.0,8.0,189.0,0.0,8.0
2025-04-03,Thu,119.0,17.0,700.0,1.0,7.0,Thu,780.0,53.0,139.0,5.0,3.0,Thu,289.0,94.0,248.0,9.0,4.0
2025-04-04,Fri,147.0,21.0,678.0,2.0,1.0,Fri,369.0,89.0,234.0,8.0,9.0,Fri,110.0,28.0,134.0,2.0,8.0
2025-04-05,Sat,468.0,88.0,125.0,8.0,8.0,Sat,157.0,30.0,118.0,3.0,0.0,Sat,578.0,80.0,468.0,0.0,8.0
2025-04-06,Sun,168.0,50.0,136.0,5.0,0.0,Sun,119.0,12.0,679.0,1.0,2.0,,,,,,
2025-04-07,Mon,459.0,87.0,340.0,8.0,7.0,Mon,156.0,23.0,300.0,2.0,3.0,Mon,280.0,0.0,136.0,0.0,0.0
2025-04-08,Tue,368.0,70.0,145.0,7.0,0.0,Tue,247.0,32.0,129.0,3.0,2.0,Tue,126.0,90.0,235.0,9.0,0.0
2025-04-09,Wed,579.0,12.0,390.0,1.0,2.0,Wed,379.0,91.0,146.0,9.0,1.0,Wed,368.0,79.0,900.0,7.0,9.0
2025-04-10,Thu,235.0,6.0,114.0,0.0,6.0,Thu,440.0,84.0,130.0,8.0,4.0,Thu,780.0,50.0,479.0,5.0,0.0
2025-04-11,Fri,267.0,57.0,124.0,5.0,7.0,Fri,167.0,43.0,346.0,4.0,3.0,Fri,157.0,31.0,119.0,3.0,1.0
2025-04-12,Sat,789.0,48.0,567.0,4.0,8.0,Sat,370.0,40.0,158.0,0.0,4.0,Sat,114.0,60.0,145.0,6.0,0.0
2025-04-13,Sun,356.0,42.0,499.0,4.0,2.0,Sun,448.0,69.0,234.0,6.0,9.0,Sun,440.0,81.0,335.0,8.0,1.0
2025-04-14,Mon,569.0,2.0,156.0,0.0,2.0,Mon,359.0,70.0,244.0,7.0,0.0,Mon,688.0,26.0,330.0,2.0,6.0
2025-04-15,Tue,230.0,59.0,289.0,5.0,9.0,Tue,667.0,92.0,570.0,9.0,2.0,Tue,470.0,10.0,578.0,1.0,0.0
2025-04-16,Wed,468.0,89.0,199.0,8.0,9.0,Wed,236.0,15.0,249.0,1.0,5.0,Wed,124.0,71.0,399.0,7.0,1.0
2025-04-17,Thu,457.0,64.0,130.0,6.0,4.0,Thu,489.0,10.0,668.0,1.0,0.0,Thu,199.0,97.0,890.0,9.0,7.0
2025-04-18,Fri,134.0,81.0,489.0,8.0,1.0,Fri,466.0,60.0,299.0,6.0,0.0,Fri,478.0,91.0,678.0,9.0,1.0
2025-04-19,Sat,290.0,19.0,568.0,1.0,9.0,Sat,148.0,30.0,136.0,3.0,0.0,Sat,389.0,60.0,457.0,0.0,6.0
2025-04-20,Sun,180.0,95.0,780.0,9.0,5.0,Sun,670.0,36.0,150.0,3.0,6.0,Sun,288.0,89.0,126.0,8.0,9.0
2025-04-21,Mon,170.0,82.0,688.0,8.0,2.0,Mon,500.0,52.0,336.0,5.0,2.0,Mon,148.0,38.0,350.0,3.0,8.0
2025-04-22,Tue,234.0,98.0,116.0,9.0,8.0,Tue,257.0,46.0,259.0,4.0,6.0,Tue,179.0,74.0,158.0,7.0,4.0
2025-04-23,Wed,128.0,15.0,339.0,1.0,5.0,Wed,390.0,21.0,128.0,2.0,1.0,Wed,280.0,4.0,167.0,0.0,4.0
2025-04-24,Thu,690.0,54.0,257.0,5.0,4.0,Thu,679.0,29.0,450.0,2.0,9.0,Thu,688.0,27.0,269.0,2.0,7.0
2025-04-25,Fri,133.0,74.0,400.0,7.0,4.0,Fri,179.0,73.0,120.0,7.0,3.0,Fri,300.0,37.0,124.0,3.0,7.0
2025-04-26,Sat,890.0,77.0,557.0,7.0,7.0,Sat,367.0,61.0,777.0,6.0,1.0,Sat,360.0,92.0,336.0,9.0,2.0
2025-04-27,Sun,366.0,52.0,480.0,5.0,2.0,Sun,122.0,56.0,123.0,5.0,6.0,Sun,145.0,6.0,600.0,0.0,6.0
2025-04-28,Mon,168.0,55.0,267.0,5.0,5.0,Mon,157.0,38.0,369.0,3.0,8.0,Mon,669.0,10.0,370.0,1.0,0.0
2025-04-29,Tue,400.0,49.0,379.0,4.0,9.0,Tue,558.0,84.0,158.0,8.0,4.0,Tue,590.0,47.0,188.0,4.0,7.0
2025-04-30,Wed,289.0,91.0,137.0,9.0,1.0,Wed,135.0,93.0,229.0,9.0,3.0,Wed,349.0,61.0,290.0,6.0,1.0
2025-05-01,Thu,233.0,87.0,278.0,8.0,7.0,Thu,356.0,43.0,139.0,4.0,3.0,Thu,379.0,92.0,679.0,9.0,2.0
2025-05-02,Fri,778.0,29.0,234.0,2.0,9.0,Fri,145.0,4.0,266.0,0.0,4.0,Fri,566.0,71.0,470.0,7.0,1.0
2025-05-03,Sat,158.0,40.0,280.0,4.0,0.0,Sat,499.0,24.0,680.0,2.0,4.0,Sat,390.0,24.0,149.0,2.0,4.0
2025-05-04,Sun,347.0,43.0,148.0,4.0,3.0,Sun,578.0,3.0,166.0,0.0,3.0,Sun,589.0,28.0,990.0,2.0,8.0
2025-05-05,Mon,360.0,99.0,478.0,9.0,9.0,Mon,146.0,13.0,670.0,1.0,3.0,Mon,467.0,72.0,147.0,7.0,2.0
2025-05-06,Tue,580.0,31.0,678.0,3.0,1.0,Tue,457.0,60.0,244.0,6.0,0.0,Tue,189.0,86.0,169.0,8.0,6.0
2025-05-07,Wed,158.0,40.0,460.0,4.0,0.0,Wed,114.0,67.0,377.0,6.0,7.0,,,,,,
2025-05-08,Thu,146.0,11.0,245.0,1.0,1.0,Thu,189.0,87.0,368.0,8.0,7.0,Thu,145.0,4.0,770.0,0.0,4.0
2025-05-09,Fri,889.0,55.0,249.0,5.0,5.0,Fri,890.0,76.0,169.0,7.0,6.0,Fri,556.0,68.0,125.0,6.0,8.0
2025-05-10,Sat,223.0,73.0,256.0,7.0,3.0,Sat,135.0,96.0,268.0,9.0,6.0,Sat,245.0,14.0,446.0,1.0,4.0
2025-05-11,Sun,499.0,25.0,140.0,2.0,5.0,Sun,488.0,7.0,124.0,0.0,7.0,Sun,238.0,31.0,137.0,3.0,1.0
2025-05-12,Mon,110.0,23.0,490.0,2.0,3.0,Mon,134.0,89.0,388.0,8.0,9.0,Mon,138.0,21.0,489.0,2.0,1.0
2025-05-13,Tue,456.0,59.0,180.0,5.0,9.0,Tue,299.0,30.0,689.0,0.0,3.0,Tue,140.0,51.0,236.0,5.0,1.0
2025-05-14,Wed,139.0,35.0,177.0,3.0,5.0,Wed,250.0,73.0,157.0,7.0,3.0,Wed,490.0,30.0,479.0,3.0,0.0
2025-05-15,Thu,480.0,25.0,357.0,2.0,5.0,Thu,148.0,36.0,899.0,3.0,6.0,Thu,289.0,95.0,140.0,9.0,5.0
2025-05-16,Fri,137.0,13.0,120.0,1.0,3.0,Fri,390.0,25.0,339.0,2.0,5.0,Fri,346.0,38.0,134.0,3.0,8.0
2025-05-17,Sat,450.0,91.0,335.0,9.0,1.0,Sat,168.0,57.0,179.0,5.0,7.0,Sat,468.0,80.0,280.0,8.0,0.0
2025-05-18,Sun,670.0,31.0,579.0,3.0,1.0,Sun,246.0,20.0,127.0,2.0,0.0,Sun,190.0,5.0,780.0,0.0,5.0
2025-05-19,Mon,227.0,15.0,168.0,1.0,5.0,Mon,160.0,76.0,178.0,7.0,6.0,Mon,378.0,85.0,267.0,8.0,5.0
2025-05-20,Tue,448.0,67.0,179.0,6.0,7.0,Tue,345.0,20.0,136.0,2.0,0.0,Tue,470.0,18.0,279.0,1.0,8.0
2025-05-21,Wed,480.0,23.0,779.0,2.0,3.0,Wed,348.0,51.0,470.0,5.0,1.0,Wed,679.0,21.0,137.0,2.0,1.0
2025-05-22,Thu,366.0,59.0,117.0,5.0,9.0,Thu,122.0,50.0,569.0,5.0,0.0,Thu,445.0,35.0,780.0,3.0,5.0
2025-05-23,Fri,580.0,39.0,469.0,3.0,9.0,Fri,459.0,81.0,236.0,8.0,1.0,Fri,255.0,20.0,235.0,2.0,0.0
2025-05-24,Sat,467.0,79.0,135.0,7.0,9.0,Sat,380.0,18.0,378.0,1.0,8.0,Sat,889.0,58.0,260.0,5.0,8.0
2025-05-25,Sun,788.0,34.0,257.0,3.0,4.0,Sun,146.0,10.0,479.0,1.0,0.0,Sun,680.0,41.0,128.0,4.0,1.0
2025-05-26,Mon,780.0,57.0,160.0,5.0,7.0,Mon,267.0,54.0,149.0,5.0,4.0,Mon,166.0,34.0,400.0,3.0,4.0
2025-05-27,Tue,189.0,83.0,346.0,8.0,3.0,Tue,248.0,41.0,137.0,4.0,1.0,Tue,678.0,13.0,355.0,1.0,3.0
2025-05-28,Wed,250.0,79.0,126.0,7.0,9.0,Wed,170.0,88.0,279.0,8.0,8.0,Wed,220.0,40.0,370.0,4.0,0.0
2025-05-29,Thu,678.0,11.0,560.0,1.0,1.0,Thu,699.0,42.0,345.0,4.0,2.0,Thu,789.0,47.0,449.0,4.0,7.0
2025-05-30,Fri,124.0,76.0,457.0,7.0,6.0,Fri,177.0,51.0,146.0,5.0,1.0,Fri,118.0,7.0,377.0,0.0,7.0
2025-05-31,Sat,899.0,62.0,129.0,6.0,2.0,Sat,256.0,32.0,499.0,3.0,2.0,Sat,180.0,97.0,179.0,9.0,7.0
2025-06-01,Sun,228.0,24.0,220.0,2.0,4.0,Sun,360.0,92.0,138.0,9.0,2.0,Sun,779.0,30.0,578.0,3.0,0.0
2025-06-02,Mon,245.0,14.0,149.0,1.0,4.0,Mon,225.0,93.0,490.0,9.0,3.0,Mon,136.0,9.0,144.0,0.0,9.0
2025-06-03,Tue,440.0,88.0,378.0,8.0,8.0,Tue,128.0,11.0,245.0,1.0,1.0,Tue,360.0,98.0,279.0,9.0,8.0
2025-06-04,Wed,689.0,39.0,478.0,3.0,9.0,Wed,113.0,56.0,150.0,5.0,6.0,Wed,466.0,63.0,229.0,6.0,3.0
2025-06-05,Thu,178.0,68.0,350.0,6.0,8.0,Thu,389.0,2.0,336.0,0.0,2.0,Thu,130.0,48.0,567.0,4.0,8.0
2025-06-06,Fri,349.0,64.0,446.0,6.0,4.0,Fri,125.0,88.0,477.0,8.0,8.0,Fri,337.0,30.0,479.0,3.0,0.0
2025-06-07,Sat,489.0,11.0,290.0,1.0,1.0,Sat,247.0,38.0,189.0,3.0,8.0,Sat,500.0,52.0,345.0,5.0,2.0
2025-06-08,Sun,125.0,83.0,166.0,8.0,3.0,Sun,459.0,88.0,350.0,8.0,8.0,Sun,590.0,42.0,147.0,4.0,2.0
2025-06-09,Mon,557.0,72.0,156.0,7.0,2.0,Mon,680.0,46.0,169.0,4.0,6.0,Mon,558.0,86.0,240.0,8.0,6.0
2025-06-10,Tue,890.0,74.0,680.0,7.0,4.0,Tue,226.0,30.0,599.0,0.0,3.0,Tue,167.0,46.0,349.0,4.0,6.0
2025-06-11,Wed,129.0,23.0,148.0,2.0,3.0,Wed,134.0,80.0,280.0,8.0,0.0,Wed,490.0,36.0,277.0,3.0,6.0
2025-06-12,Thu,580.0,32.0,237.0,3.0,2.0,Thu,234.0,96.0,178.0,9.0,6.0,Thu,349.0,68.0,170.0,6.0,8.0
2025-06-13,Fri,257.0,44.0,158.0,4.0,4.0,Fri,466.0,69.0,900.0,6.0,9.0,,,,,,
2025-06-14,Sat,459.0,80.0,479.0,8.0,0.0,Sat,230.0,59.0,117.0,5.0,9.0,Sat,900.0,95.0,249.0,9.0,5.0
2025-06-15,Sun,145.0,7.0,890.0,0.0,7.0,Sun,370.0,1.0,290.0,0.0,1.0,Sun,239.0,48.0,125.0,4.0,8.0
2025-06-16,Mon,138.0,25.0,889.0,2.0,5.0,Mon,240.0,68.0,125.0,6.0,8.0,Mon,770.0,45.0,780.0,4.0,5.0
2025-06-17,Tue,235.0,10.0,290.0,0.0,1.0,Tue,167.0,49.0,289.0,4.0,9.0,Tue,557.0,79.0,478.0,7.0,9.0
2025-06-18,Wed,127.0,80.0,170.0,0.0,8.0,Wed,356.0,44.0,590.0,4.0,4.0,Wed,680.0,47.0,269.0,4.0,7.0
2025-06-19,Thu,378.0,81.0,380.0,8.0,1.0,Thu,390.0,26.0,277.0,2.0,6.0,Thu,899.0,60.0,550.0,6.0,0.0
2025-06-20,Fri,470.0,12.0,778.0,1.0,2.0,Fri,458.0,72.0,156.0,7.0,2.0,Fri,148.0,37.0,449.0,3.0,7.0
2025-06-21,Sat,147.0,20.0,299.0,2.0,0.0,Sat,120.0,35.0,159.0,3.0,5.0,Sat,357.0,59.0,270.0,5.0,9.0
2025-06-22,Sun,240.0,67.0,179.0,6.0,7.0,Sun,346.0,35.0,799.0,3.0,5.0,Sun,147.0,29.0,180.0,2.0,9.0
2025-06-23,Mon,119.0,18.0,134.0,1.0,8.0,Mon,560.0,19.0,135.0,1.0,9.0,Mon,568.0,98.0,189.0,9.0,8.0
2025-06-24,Tue,990.0,88.0,279.0,8.0,8.0,Tue,379.0,96.0,259.0,9.0,6.0,Tue,449.0,75.0,140.0,7.0,5.0
2025-06-25,Wed,156.0,28.0,468.0,2.0,8.0,Wed,268.0,67.0,124.0,6.0,7.0,Wed,335.0,14.0,338.0,1.0,4.0
2025-06-26,Thu,123.0,65.0,113.0,6.0,5.0,Thu,479.0,9.0,126.0,0.0,9.0,Thu,560.0,13.0,689.0,1.0,3.0
2025-06-27,Fri,669.0,15.0,267.0,1.0,5.0,Fri,566.0,79.0,234.0,7.0,9.0,Fri,127.0,9.0,379.0,0.0,9.0
2025-06-28,Sat,770.0,44.0,158.0,4.0,4.0,Sat,290.0,17.0,179.0,1.0,7.0,Sat,300.0,31.0,236.0,3.0,1.0
2025-06-29,Sun,223.0,71.0,137.0,7.0,1.0,Sun,460.0,1.0,335.0,0.0,1.0,Sun,480.0,20.0,569.0,2.0,0.0
2025-06-30,Mon,177.0,55.0,267.0,5.0,5.0,,,,,,,Mon,390.0,25.0,249.0,2.0,5.0
2025-07-01,Tue,300.0,32.0,778.0,3.0,2.0,Tue,679.0,20.0,569.0,2.0,0.0,Tue,156.0,20.0,370.0,2.0,0.0
2025-07-02,Wed,135.0,94.0,400.0,9.0,4.0,Wed,116.0,85.0,230.0,8.0,5.0,Wed,389.0,0.0,460.0,0.0,0.0
2025-07-03,Thu,280.0,0.0,569.0,0.0,0.0,Thu,459.0,80.0,334.0,8.0,0.0,Thu,600.0,61.0,128.0,6.0,1.0
2025-07-04,Fri,459.0,81.0,290.0,8.0,1.0,Fri,246.0,24.0,680.0,2.0,4.0,Fri,137.0,17.0,566.0,1.0,7.0
2025-07-05,Sat,170.0,83.0,788.0,8.0,3.0,Sat,377.0,77.0,458.0,7.0,7.0,Sat,223.0,76.0,367.0,7.0,6.0
2025-07-06,Sun,247.0,34.0,590.0,3.0,4.0,Sun,490.0,39.0,289.0,3.0,9.0,Sun,269.0,74.0,158.0,7.0,4.0
2025-07-07,Mon,347.0,41.0,678.0,4.0,1.0,Mon,450.0,90.0,226.0,9.0,0.0,Mon,458.0,79.0,180.0,7.0,9.0
2025-07-08,Tue,689.0,33.0,256.0,3.0,3.0,Tue,156.0,22.0,390.0,2.0,2.0,Tue,230.0,56.0,556.0,5.0,6.0
2025-07-09,Wed,470.0,11.0,137.0,1.0,1.0,Wed,588.0,17.0,115.0,1.0,7.0,Wed,330.0,69.0,135.0,6.0,9.0
2025-07-10,Thu,466.0,65.0,140.0,6.0,5.0,Thu,889.0,52.0,345.0,5.0,2.0,Thu,125.0,80.0,280.0,8.0,0.0
2025-07-11,Fri,780.0,51.0,579.0,5.0,1.0,Fri,130.0,40.0,578.0,4.0,0.0,,,,,,
2025-07-12,Sat,127.0,10.0,399.0,0.0,1.0,Sat,460.0,10.0,678.0,0.0,1.0,,,,,,
2025-07-13,Sun,899.0,63.0,788.0,6.0,3.0,Sun,140.0,52.0,246.0,5.0,2.0,,,,,,
2025-07-14,Mon,122.0,58.0,990.0,5.0,8.0,Mon,146.0,11.0,560.0,1.0,1.0,,,,,,
2025-07-15,Tue,178.0,60.0,677.0,6.0,0.0,Tue,268.0,69.0,469.0,6.0,9.0,,,,,,
2025-07-16,Wed,257.0,40.0,460.0,4.0,0.0,Wed,440.0,89.0,135.0,8.0,9.0,,,,,,
2025-07-17,Thu,590.0,43.0,157.0,4.0,3.0,Thu,389.0,1.0,470.0,0.0,1.0,,,,,,
2025-07-18,Fri,489.0,90.0,226.0,9.0,0.0,Fri,160.0,78.0,134.0,7.0,8.0,,,,,,
2025-07-19,Sat,280.0,14.0,149.0,1.0,4.0,Sat,689.0,39.0,360.0,3.0,9.0,,,,,,
2025-07-20,Sun,146.0,8.0,350.0,0.0,8.0,Sun,177.0,56.0,358.0,5.0,6.0,,,,,,
2025-07-21,Mon,270.0,11.0,380.0,1.0,1.0,Mon,348.0,55.0,249.0,5.0,5.0,,,,,,
2025-07-22,Tue,890.0,97.0,269.0,9.0,7.0,Tue,480.0,25.0,357.0,2.0,5.0,,,,,,
2025-07-23,Wed,238.0,73.0,238.0,7.0,3.0,Wed,129.0,22.0,660.0,2.0,2.0,,,,,,
,,,,,,,,,,,,,,,,,,
,,,,,,,,,,,,,,,,,,
,,,,,,,,,,,,,,,,,,
,,,,,,,,,,,,,,,,,,
,,,,,,,,,,,,,,,,,,
,,,,,,,,,,,,,,,,,,
,,,,,,,,,,,,,,,,,,
,,,,,,,,,,,,,,,,,,
,,,,,,,,,,,,,,,,,,
,,,,,,,,,,,,,,,,,,
,,,,,,,,,,,,,,,,,,
,,,,,,,,,,,,,,,,,,
,,,,,,,,,,,,,,,,,,
,,,,,,,,,,,,,,,,,,
,,,,,,,,,,,,,,,,,,
,,,,,,,,,,,,,,,,,,
,,,,,,,,,,,,,,,,,,
,,,,,,,,,,,,,,,,,,
,,,,,,,,,,,,,,,,,,
,,,,,,,,,,,,,,,,,,
,,,,,,,,,,,,,,,,,,
,,,,,,,,,,,,,,,,,,
,,,,,,,,,,,,,,,,,,
,,,,,,,,,,,,,,,,,,
,,,,,,,,,,,,,,,,,,
,,,,,,,,,,,,,,,,,,
,,,,,,,,,,,,,,,,,,
,,,,,,,,,,,,,,,,,,
,,,,,,,,,,,,,,,,,,
,,,,,,,,,,,,,,,,,,
,,,,,,,,,,,,,,,,,,
,,,,,,,,,,,,,,,,,,
,,,,,,,,,,,,,,,,,,
,,,,,,,,,,,,,,,,,,
,,,,,,,,,,,,,,,,,,
,,,,,,,,,,,,,,,,,,
,,,,,,,,,,,,,,,,,,
,,,,,,,,,,,,,,,,,,
,,,,,,,,,,,,,,,,,,
,,,,,,,,,,,,,,,,,,
,,,,,,,,,,,,,,,,,,
,,,,,,,,,,,,,,,,,,
,,,,,,,,,,,,,,,,,,
,,,,,,,,,,,,,,,,,,
,,,,,,,,,,,,,,,,,,
,,,,,,,,,,,,,,,,,,
,,,,,,,,,,,,,,,,,,
,,,,,,,,,,,,,,,,,,
,,,,,,,,,,,,,,,,,,
,,,,,,,,,,,,,,,,,,
,,,,,,,,,,,,,,,,,,
,,,,,,,,,,,,,,,,,,
,,,,,,,,,,,,,,,,,,
,,,,,,,,,,,,,,,,,,
,,,,,,,,,,,,,,,,,,
,,,,,,,,,,,,,,,,,,
,,,,,,,,,,,,,,,,,,
,,,,,,,,,,,,,,,,,,
,,,,,,,,,,,,,,,,,,
,,,,,,,,,,,,,,,,,,
,,,,,,,,,,,,,,,,,,
,,,,,,,,,,,,,,,,,,
,,,,,,,,,,,,,,,,,,
,,,,,,,,,,,,,,,,,,
,,,,,,,,,,,,,,,,,,
,,,,,,,,,,,,,,,,,,
,,,,,,,,,,,,,,,,,,
,,,,,,,,,,,,,,,,,,
,,,,,,,,,,,,,,,,,,
,,,,,,,,,,,,,,,,,,
,,,,,,,,,,,,,,,,,,
,,,,,,,,,,,,,,,,,,
,,,,,,,,,,,,,,,,,,
,,,,,,,,,,,,,,,,,,
,,,,,,,,,,,,,,,,,,
,,,,,,,,,,,,,,,,,,
,,,,,,,,,,,,,,,,,,
,,,,,,,,,,,,,,,,,,
,,,,,,,,,,,,,,,,,,
,,,,,,,,,,,,,,,,,,
,,,,,,,,,,,,,,,,,,
,,,,,,,,,,,,,,,,,,
,,,,,,,,,,,,,,,,,,
,,,,,,,,,,,,,,,,,,
,,,,,,,,,,,,,,,,,,
,,,,,,,,,,,,,,,,,,
,,,,,,,,,,,,,,,,,,
,,,,,,,,,,,,,,,,,,
,,,,,,,,,,,,,,,,,,
,,,,,,,,,,,,,,,,,,
,,,,,,,,,,,,,,,,,,
